-- Auto-generated training seed append
DELETE FROM DANHMUC_BENH;
DELETE FROM DANHMUC_THUOC;
DELETE FROM DANHMUC_HOATCHAT;
DELETE FROM THUOC;
DELETE FROM THANHPHAN_THUOC;
GO

INSERT INTO DANHMUC_BENH (MaBenh, TenBenh, TrieuChung, MoTa, SoGiaiDoan) VALUES
('BENH001', N'Cảm cúm', N'sốt, ho, sổ mũi, đau đầu', N'Nhiễm siêu vi đường hô hấp trên, điều trị triệu chứng', 3),
('BENH002', N'Viêm họng cấp', N'đau họng, sốt nhẹ, nuốt đau, ho khan', N'Viêm niêm mạc họng cấp do virus hoặc vi khuẩn', 3),
('BENH003', N'Viêm amidan', N'đau họng, sốt, khó nuốt, hôi miệng', N'Viêm cấp hoặc mạn tính của amidan khẩu cái', 3),
('BENH004', N'Viêm phế quản cấp', N'ho đờm, khó thở nhẹ, sốt, đau ngực', N'Viêm đường thở dưới cấp tính', 3),
('BENH005', N'Viêm mũi xoang', N'nghẹt mũi, chảy mũi, đau đầu, sốt', N'Viêm niêm mạc mũi xoang', 3),
('BENH006', N'Viêm mũi dị ứng', N'hắt hơi, ngứa mũi, chảy mũi, nghẹt mũi', N'Phản ứng dị ứng ở niêm mạc mũi', 3),
('BENH007', N'Hen phế quản', N'khò khè, khó thở, tức ngực, ho', N'Bệnh viêm mạn tính đường thở gây co thắt phế quản', 3),
('BENH008', N'Sốt siêu vi', N'sốt, mệt, đau đầu, đau nhức người', N'Bệnh do nhiễm virus', 3),
('BENH009', N'COVID-19', N'sốt, ho, đau họng, mất mùi vị', N'Bệnh nhiễm virus SARS-CoV-2', 3),
('BENH010', N'Ho kéo dài', N'ho khan, ho đờm, mệt, đau ngực', N'Triệu chứng ho kéo dài cần đánh giá nguyên nhân', 2),
('BENH011', N'Viêm thanh quản', N'khàn tiếng, ho, đau họng', N'Viêm thanh quản', 3),
('BENH012', N'Viêm mũi cấp', N'nghẹt mũi, chảy mũi, hắt hơi', N'Viêm niêm mạc mũi cấp', 3),
('BENH013', N'Viêm thanh khí phế quản', N'ho ông ổng, khàn tiếng, khó thở', N'Viêm đường hô hấp trên và dưới', 3),
('BENH014', N'Co thắt phế quản', N'khò khè, tức ngực, khó thở', N'Co thắt đường thở', 3),
('BENH015', N'Viêm phổi cộng đồng', N'sốt, ho, khó thở, đau ngực', N'Nhiễm trùng nhu mô phổi mắc phải cộng đồng', 3),
('BENH016', N'Viêm dạ dày', N'đau thượng vị, buồn nôn, ợ nóng, đầy bụng', N'Viêm niêm mạc dạ dày', 3),
('BENH017', N'Trào ngược dạ dày thực quản', N'ợ nóng, ợ chua, đau ngực, khó chịu', N'Dịch vị trào ngược lên thực quản', 3),
('BENH018', N'Rối loạn tiêu hóa', N'đau bụng, đầy hơi, tiêu chảy, buồn nôn', N'Rối loạn chức năng tiêu hóa thường gặp', 3),
('BENH019', N'Tiêu chảy cấp', N'tiêu chảy, đau bụng, mất nước, mệt', N'Đi ngoài phân lỏng nhiều lần trong thời gian ngắn', 3),
('BENH020', N'Táo bón', N'đi ngoài khó, đau bụng, bụng chướng', N'Giảm tần suất đi tiêu và phân khô cứng', 3),
('BENH021', N'Bệnh trĩ', N'đau rát hậu môn, chảy máu khi đi ngoài', N'Giãn tĩnh mạch hậu môn trực tràng', 3),
('BENH022', N'Đau bụng', N'đau bụng, buồn nôn, chướng bụng', N'Triệu chứng đau vùng bụng do nhiều nguyên nhân', 3),
('BENH023', N'Viêm gan', N'mệt, vàng da, chán ăn, đau hạ sườn phải', N'Viêm tổn thương nhu mô gan', 3),
('BENH024', N'Gan nhiễm mỡ', N'mệt, nặng tức hạ sườn phải', N'Tích tụ mỡ trong gan', 3),
('BENH025', N'Đầy hơi', N'bụng chướng, ợ hơi, khó chịu, chán ăn', N'Triệu chứng rối loạn tiêu hóa thường gặp', 2),
('BENH026', N'Viêm đại tràng', N'đau bụng, tiêu chảy, đầy hơi, mót rặn', N'Viêm niêm mạc đại tràng', 3),
('BENH027', N'Hội chứng ruột kích thích', N'đau bụng, tiêu chảy, táo bón, đầy hơi', N'Rối loạn chức năng ruột mạn tính', 3),
('BENH028', N'Viêm loét dạ dày tá tràng', N'đau thượng vị, ợ nóng, buồn nôn', N'Tổn thương loét niêm mạc dạ dày tá tràng', 3),
('BENH029', N'Nôn ói', N'buồn nôn, nôn, mệt, chóng mặt', N'Triệu chứng tiêu hóa thường gặp', 2),
('BENH030', N'Chán ăn', N'ăn kém, sụt cân, mệt, đầy bụng', N'Triệu chứng toàn thân/tiêu hóa', 2),
('BENH031', N'Tăng huyết áp', N'đau đầu, hoa mắt, chóng mặt, mệt', N'Bệnh tim mạch mạn tính', 3),
('BENH032', N'Rối loạn lipid máu', N'mỡ máu cao, thừa cân, ít triệu chứng', N'Rối loạn chuyển hóa chất béo trong máu', 3),
('BENH033', N'Đái tháo đường type 2', N'khát nước, tiểu nhiều, mệt, sút cân', N'Rối loạn chuyển hóa glucose kéo dài', 3),
('BENH034', N'Tiền đái tháo đường', N'hơi khát nước, mệt, đường huyết tăng nhẹ', N'Trạng thái trước đái tháo đường', 2),
('BENH035', N'Tăng acid uric máu', N'đau khớp, sưng khớp, đau ngón chân cái', N'Rối loạn chuyển hóa acid uric', 3),
('BENH036', N'Béo phì', N'tăng cân, thừa mỡ, khó thở khi vận động', N'Thừa cân/béo phì', 3),
('BENH037', N'Thừa cân', N'tăng cân, BMI cao, mệt khi vận động', N'Cân nặng cao hơn mức khuyến nghị', 3),
('BENH038', N'Thiếu máu', N'mệt, hoa mắt, chóng mặt, da xanh', N'Giảm hemoglobin hoặc hồng cầu', 3),
('BENH039', N'Rối loạn chuyển hóa', N'mệt, tăng cân, đường huyết bất thường', N'Nhóm rối loạn chuyển hóa chung', 3),
('BENH040', N'Hạ đường huyết', N'run tay, vã mồ hôi, đói, mệt', N'Đường huyết giảm thấp hơn bình thường', 2),
('BENH041', N'Rối loạn điện giải', N'mệt, co cơ, khát nước, chóng mặt', N'Mất cân bằng điện giải', 3),
('BENH042', N'Tăng đường huyết', N'khát nước, tiểu nhiều, mệt', N'Đường huyết tăng cao hơn bình thường', 3),
('BENH043', N'Rối loạn tuyến giáp', N'mệt, sụt cân, hồi hộp, run tay', N'Rối loạn chức năng tuyến giáp', 3),
('BENH044', N'Rối loạn mỡ máu', N'ít triệu chứng, mỡ máu cao', N'Rối loạn lipid máu', 3),
('BENH045', N'Rối loạn chuyển hóa acid uric', N'đau khớp, sưng khớp, mệt', N'Rối loạn chuyển hóa acid uric', 3),
('BENH046', N'Đau cơ xương khớp', N'đau cơ, đau khớp, cứng khớp, đau khi vận động', N'Nhóm bệnh lý gây đau và hạn chế vận động', 3),
('BENH047', N'Đau lưng dưới', N'đau thắt lưng, đau lan mông, cứng lưng', N'Đau vùng thắt lưng', 3),
('BENH048', N'Viêm khớp', N'đau khớp, sưng khớp, cứng khớp, hạn chế vận động', N'Tình trạng viêm một hoặc nhiều khớp', 3),
('BENH049', N'Thoái hóa khớp gối', N'đau gối, cứng khớp, khó đi lại', N'Thoái hóa sụn và cấu trúc khớp gối', 3),
('BENH050', N'Chấn thương phần mềm', N'sưng đau, bầm tím, đau khi vận động', N'Tổn thương cơ, gân, dây chằng', 3),
('BENH051', N'Trật khớp', N'đau dữ dội, biến dạng khớp, hạn chế vận động', N'Khớp lệch khỏi vị trí bình thường', 3),
('BENH052', N'Đau vai gáy', N'đau cổ vai gáy, cứng cổ, tê tay', N'Đau vùng cổ vai gáy do nhiều nguyên nhân', 3),
('BENH053', N'Đau cổ', N'đau cổ, cứng cổ, hạn chế xoay cổ', N'Đau vùng cổ thường gặp', 3),
('BENH054', N'Viêm gân', N'đau tại gân, sưng nhẹ, đau khi vận động', N'Viêm gân do quá tải hoặc chấn thương', 3),
('BENH055', N'Loãng xương', N'đau lưng, giảm chiều cao, dễ gãy xương', N'Giảm mật độ xương', 3),
('BENH056', N'Bong gân', N'sưng đau, hạn chế vận động, bầm tím', N'Tổn thương dây chằng do chấn thương', 3),
('BENH057', N'Đau khớp gối', N'đau gối, cứng khớp, đi lại khó', N'Triệu chứng/ bệnh lý khớp gối', 3),
('BENH058', N'Đau vai', N'đau vai, hạn chế nâng tay, cứng khớp', N'Đau vùng vai', 3),
('BENH059', N'Đau lưng trên', N'đau lưng, căng cơ, mỏi vai', N'Đau vùng lưng trên', 3),
('BENH060', N'Viêm bao hoạt dịch', N'đau khớp, sưng nóng, hạn chế vận động', N'Viêm túi hoạt dịch quanh khớp', 3),
('BENH061', N'Dị ứng', N'ngứa, nổi mề đay, hắt hơi, chảy nước mắt', N'Phản ứng quá mẫn của cơ thể với dị nguyên', 3),
('BENH062', N'Viêm da dị ứng', N'ngứa da, mẩn đỏ, khô da, rát da', N'Bệnh viêm da mạn tính liên quan cơ địa dị ứng', 3),
('BENH063', N'Chàm da', N'ngứa, da khô, mẩn đỏ, bong vảy', N'Tổn thương da mạn tính gây ngứa và viêm', 3),
('BENH064', N'Nhiễm trùng da', N'đỏ da, sưng, đau, mủ, sốt', N'Nhiễm khuẩn tại da và mô dưới da', 3),
('BENH065', N'Mẩn ngứa', N'ngứa, nổi ban, đỏ da', N'Triệu chứng da thường gặp do dị ứng hoặc kích ứng', 2),
('BENH066', N'Mề đay', N'nổi mảng phù, ngứa, đỏ da', N'Biểu hiện dị ứng da cấp tính', 3),
('BENH067', N'Nấm da', N'ngứa, bong vảy, tổn thương vòng', N'Nhiễm nấm ở da', 3),
('BENH068', N'Nấm kẽ', N'ngứa, hăm kẽ, đỏ da', N'Nhiễm nấm tại vùng kẽ cơ thể', 3),
('BENH069', N'Viêm da tiếp xúc', N'đỏ da, rát, ngứa, phồng rộp', N'Phản ứng viêm da do tiếp xúc dị nguyên', 3),
('BENH070', N'Rôm sảy', N'ngứa, nổi mẩn nhỏ, rát da', N'Tắc tuyến mồ hôi gây mẩn ngứa', 2),
('BENH071', N'Mụn trứng cá', N'mụn viêm, mụn đầu đen, da dầu', N'Bệnh da liễu thường gặp', 3),
('BENH072', N'Khô da', N'da khô, nứt nẻ, ngứa', N'Tình trạng da thiếu ẩm', 2),
('BENH073', N'Nấm móng', N'móng dày, đổi màu, giòn móng', N'Nhiễm nấm móng', 3),
('BENH074', N'Viêm nang lông', N'mụn mủ nhỏ, ngứa, đỏ da', N'Viêm nang lông do vi khuẩn hoặc nấm', 3),
('BENH075', N'Vảy nến', N'mảng đỏ, vảy trắng, ngứa', N'Bệnh da mạn tính', 3),
('BENH076', N'Nhiễm khuẩn tiết niệu', N'tiểu buốt, tiểu rắt, đau bụng dưới, sốt', N'Nhiễm trùng hệ tiết niệu', 3),
('BENH077', N'Viêm bàng quang', N'tiểu buốt, tiểu rắt, đau hạ vị, sốt nhẹ', N'Viêm nhiễm bàng quang', 3),
('BENH078', N'Viêm thận - bể thận', N'sốt cao, đau hông lưng, tiểu buốt', N'Nhiễm trùng đường tiết niệu lên thận', 3),
('BENH079', N'Tiểu buốt', N'tiểu đau, tiểu rắt, khó chịu khi đi tiểu', N'Triệu chứng đường tiết niệu', 2),
('BENH080', N'Tiểu rắt', N'đi tiểu nhiều lần, lượng ít, khó chịu', N'Triệu chứng đường tiết niệu', 2),
('BENH081', N'Tiểu đêm', N'đi tiểu nhiều về đêm, mất ngủ, mệt', N'Triệu chứng thường gặp ở người lớn tuổi', 2),
('BENH082', N'Sỏi tiết niệu', N'đau quặn thận, tiểu buốt, tiểu máu', N'Sỏi đường tiết niệu', 3),
('BENH083', N'Suy thận mạn', N'mệt, phù, tiểu ít, chán ăn', N'Suy giảm chức năng thận kéo dài', 3),
('BENH084', N'Đái máu', N'nước tiểu đỏ, đau bụng dưới, tiểu buốt', N'Triệu chứng bất thường đường tiết niệu', 2),
('BENH085', N'Phù', N'sưng chân, mặt, tăng cân nhanh', N'Giữ nước do nhiều nguyên nhân', 2),
('BENH086', N'Tiểu khó', N'tiểu khó, dòng tiểu yếu, đau rát', N'Rối loạn tiểu tiện', 2),
('BENH087', N'Viêm niệu đạo', N'tiểu buốt, tiểu rắt, ngứa niệu đạo', N'Viêm đường niệu đạo', 3),
('BENH088', N'Tăng tiểu đêm', N'đi tiểu đêm nhiều lần, mệt', N'Triệu chứng tiết niệu', 2),
('BENH089', N'Suy thận cấp', N'tiểu ít, phù, mệt, buồn nôn', N'Suy giảm chức năng thận cấp tính', 3),
('BENH090', N'Đau hông lưng', N'đau hông lưng, sốt, tiểu buốt', N'Triệu chứng có thể liên quan tiết niệu', 2),
('BENH091', N'Viêm kết mạc', N'đỏ mắt, ngứa mắt, chảy ghèn', N'Viêm kết mạc mắt', 3),
('BENH092', N'Viêm tai giữa', N'đau tai, sốt, ù tai, nghe kém', N'Viêm tai giữa', 3),
('BENH093', N'Viêm lợi', N'đỏ lợi, sưng lợi, chảy máu lợi', N'Viêm mô nướu', 3),
('BENH094', N'Đau răng', N'đau răng, ê buốt, sưng nướu', N'Đau liên quan răng và mô quanh răng', 3),
('BENH095', N'Sâu răng', N'đau răng, ê buốt, lỗ sâu răng', N'Tổn thương cấu trúc răng do vi khuẩn', 3),
('BENH096', N'Áp xe răng', N'đau răng, sưng nướu, mủ, sốt', N'Nhiễm trùng quanh răng', 3),
('BENH097', N'Ù tai', N'ù tai, nghe kém, chóng mặt', N'Triệu chứng tai mũi họng', 2),
('BENH098', N'Khàn tiếng', N'nói khó, giọng khàn, đau họng', N'Triệu chứng thanh quản', 2),
('BENH099', N'Chảy máu chân răng', N'chảy máu lợi, đau nướu', N'Biểu hiện bệnh lý răng lợi', 2),
('BENH100', N'Viêm xoang mạn', N'nghẹt mũi, đau đầu, chảy mũi', N'Viêm xoang kéo dài', 3),
('BENH101', N'Viêm mũi họng', N'sổ mũi, đau họng, ho', N'Viêm vùng hầu họng', 3),
('BENH102', N'Viêm thanh quản cấp', N'khàn tiếng, ho, đau họng', N'Viêm thanh quản cấp', 3),
('BENH103', N'Viêm tai ngoài', N'đau tai, ngứa tai, chảy dịch', N'Viêm ống tai ngoài', 3),
('BENH104', N'Viêm nha chu', N'chảy máu lợi, hôi miệng, lung lay răng', N'Bệnh nha chu', 3),
('BENH105', N'Khô mắt', N'cộm mắt, khô mắt, mỏi mắt', N'Triệu chứng mắt', 2),
('BENH106', N'Đau đầu căng thẳng', N'đau đầu, căng cổ, mệt, khó tập trung', N'Đau đầu do căng thẳng', 3),
('BENH107', N'Đau nửa đầu', N'đau đầu một bên, buồn nôn, sợ ánh sáng', N'Dạng đau đầu theo cơn', 3),
('BENH108', N'Rối loạn lo âu', N'lo lắng, hồi hộp, mất ngủ, căng thẳng', N'Rối loạn lo âu', 3),
('BENH109', N'Trầm cảm nhẹ', N'buồn bã, mệt mỏi, mất hứng thú', N'Rối loạn khí sắc nhẹ', 3),
('BENH110', N'Rối loạn giấc ngủ', N'khó ngủ, ngủ không sâu, thức giấc sớm', N'Nhóm rối loạn giấc ngủ', 3),
('BENH111', N'Căng thẳng', N'mệt, lo âu, mất ngủ, đau đầu', N'Phản ứng stress kéo dài', 2),
('BENH112', N'Chóng mặt', N'choáng váng, buồn nôn, mất thăng bằng', N'Triệu chứng thần kinh thường gặp', 2),
('BENH113', N'Run tay', N'run tay, hồi hộp, vã mồ hôi', N'Triệu chứng thần kinh hoặc chuyển hóa', 2),
('BENH114', N'Rối loạn tập trung', N'khó tập trung, hay quên, mệt', N'Triệu chứng chức năng thần kinh', 2),
('BENH115', N'Mệt mỏi', N'mệt, uể oải, giảm tập trung', N'Triệu chứng toàn thân', 2),
('BENH116', N'Mất ngủ mạn', N'khó ngủ kéo dài, thức giấc sớm', N'Rối loạn giấc ngủ mạn tính', 3),
('BENH117', N'Stress', N'căng thẳng, mệt, lo âu', N'Phản ứng stress', 2),
('BENH118', N'Rối loạn cảm xúc', N'buồn bã, lo lắng, mất ngủ', N'Rối loạn khí sắc', 3),
('BENH119', N'Đau đầu migraine', N'đau đầu một bên, buồn nôn, sợ ánh sáng', N'Migraine', 3),
('BENH120', N'Hội chứng mệt mỏi', N'mệt kéo dài, giảm tập trung', N'Tình trạng mệt mỏi kéo dài', 2),
('BENH121', N'Sỏi tiết niệu mạn', N'đau quặn thận, tiểu buốt, tiểu máu', N'Sỏi đường tiết niệu - Biến thể mạn.', 3),
('BENH122', N'Viêm phế quản cấp vừa', N'ho đờm, khó thở nhẹ, sốt, đau ngực', N'Viêm đường thở dưới cấp tính - Biến thể vừa.', 3),
('BENH123', N'Rối loạn lipid máu nhẹ', N'mỡ máu cao, thừa cân, ít triệu chứng', N'Rối loạn chuyển hóa chất béo trong máu - Biến thể nhẹ.', 3),
('BENH124', N'Rối loạn tiêu hóa mạn', N'đau bụng, đầy hơi, tiêu chảy, buồn nôn', N'Rối loạn chức năng tiêu hóa thường gặp - Biến thể mạn.', 3),
('BENH125', N'Viêm niệu đạo mạn', N'tiểu buốt, tiểu rắt, ngứa niệu đạo', N'Viêm đường niệu đạo - Biến thể mạn.', 3),
('BENH126', N'Nhiễm khuẩn tiết niệu không đặc hiệu', N'tiểu buốt, tiểu rắt, đau bụng dưới, sốt', N'Nhiễm trùng hệ tiết niệu - Biến thể không đặc hiệu.', 3),
('BENH127', N'Viêm mũi xoang cấp', N'nghẹt mũi, chảy mũi, đau đầu, sốt', N'Viêm niêm mạc mũi xoang - Biến thể cấp.', 3),
('BENH128', N'Viêm mũi cấp nhẹ', N'nghẹt mũi, chảy mũi, hắt hơi', N'Viêm niêm mạc mũi cấp - Biến thể nhẹ.', 3),
('BENH129', N'Viêm bao hoạt dịch cấp', N'đau khớp, sưng nóng, hạn chế vận động', N'Viêm túi hoạt dịch quanh khớp - Biến thể cấp.', 3),
('BENH130', N'Trật khớp không đặc hiệu', N'đau dữ dội, biến dạng khớp, hạn chế vận động', N'Khớp lệch khỏi vị trí bình thường - Biến thể không đặc hiệu.', 3),
('BENH131', N'Đau khớp gối chưa rõ nguyên nhân', N'đau gối, cứng khớp, đi lại khó', N'Triệu chứng/ bệnh lý khớp gối - Biến thể chưa rõ nguyên nhân.', 3),
('BENH132', N'Khô da cấp', N'da khô, nứt nẻ, ngứa', N'Tình trạng da thiếu ẩm - Biến thể cấp.', 2),
('BENH133', N'Rối loạn điện giải không đặc hiệu', N'mệt, co cơ, khát nước, chóng mặt', N'Mất cân bằng điện giải - Biến thể không đặc hiệu.', 3),
('BENH134', N'Tăng tiểu đêm vừa', N'đi tiểu đêm nhiều lần, mệt', N'Triệu chứng tiết niệu - Biến thể vừa.', 2),
('BENH135', N'Hạ đường huyết nhẹ', N'run tay, vã mồ hôi, đói, mệt', N'Đường huyết giảm thấp hơn bình thường - Biến thể nhẹ.', 2),
('BENH136', N'Gan nhiễm mỡ không đặc hiệu', N'mệt, nặng tức hạ sườn phải', N'Tích tụ mỡ trong gan - Biến thể không đặc hiệu.', 3),
('BENH137', N'Đầy hơi nặng', N'bụng chướng, ợ hơi, khó chịu, chán ăn', N'Triệu chứng rối loạn tiêu hóa thường gặp - Biến thể nặng.', 2),
('BENH138', N'Suy thận cấp vừa', N'tiểu ít, phù, mệt, buồn nôn', N'Suy giảm chức năng thận cấp tính - Biến thể vừa.', 3),
('BENH139', N'Viêm mũi cấp chưa rõ nguyên nhân', N'nghẹt mũi, chảy mũi, hắt hơi', N'Viêm niêm mạc mũi cấp - Biến thể chưa rõ nguyên nhân.', 3),
('BENH140', N'Suy thận cấp vừa mạn', N'tiểu ít, phù, mệt, buồn nôn', N'Suy giảm chức năng thận cấp tính - Biến thể vừa. - Biến thể mạn.', 3),
('BENH141', N'Ù tai mạn', N'ù tai, nghe kém, chóng mặt', N'Triệu chứng tai mũi họng - Biến thể mạn.', 2),
('BENH142', N'Nhiễm khuẩn tiết niệu nặng', N'tiểu buốt, tiểu rắt, đau bụng dưới, sốt', N'Nhiễm trùng hệ tiết niệu - Biến thể nặng.', 3),
('BENH143', N'Chấn thương phần mềm mạn', N'sưng đau, bầm tím, đau khi vận động', N'Tổn thương cơ, gân, dây chằng - Biến thể mạn.', 3),
('BENH144', N'Vảy nến mạn', N'mảng đỏ, vảy trắng, ngứa', N'Bệnh da mạn tính - Biến thể mạn.', 3),
('BENH145', N'Viêm bao hoạt dịch mạn', N'đau khớp, sưng nóng, hạn chế vận động', N'Viêm túi hoạt dịch quanh khớp - Biến thể mạn.', 3),
('BENH146', N'Khàn tiếng vừa', N'nói khó, giọng khàn, đau họng', N'Triệu chứng thanh quản - Biến thể vừa.', 2),
('BENH147', N'Stress nặng', N'căng thẳng, mệt, lo âu', N'Phản ứng stress - Biến thể nặng.', 2),
('BENH148', N'Tăng đường huyết nặng', N'khát nước, tiểu nhiều, mệt', N'Đường huyết tăng cao hơn bình thường - Biến thể nặng.', 3),
('BENH149', N'Viêm kết mạc nhẹ', N'đỏ mắt, ngứa mắt, chảy ghèn', N'Viêm kết mạc mắt - Biến thể nhẹ.', 3),
('BENH150', N'Viêm da tiếp xúc mạn', N'đỏ da, rát, ngứa, phồng rộp', N'Phản ứng viêm da do tiếp xúc dị nguyên - Biến thể mạn.', 3),
('BENH151', N'Rối loạn mỡ máu nhẹ', N'ít triệu chứng, mỡ máu cao', N'Rối loạn lipid máu - Biến thể nhẹ.', 3),
('BENH152', N'Tăng đường huyết chưa rõ nguyên nhân', N'khát nước, tiểu nhiều, mệt', N'Đường huyết tăng cao hơn bình thường - Biến thể chưa rõ nguyên nhân.', 3),
('BENH153', N'Chấn thương phần mềm mạn nhẹ', N'sưng đau, bầm tím, đau khi vận động', N'Tổn thương cơ, gân, dây chằng - Biến thể mạn. - Biến thể nhẹ.', 3),
('BENH154', N'Đái máu cấp', N'nước tiểu đỏ, đau bụng dưới, tiểu buốt', N'Triệu chứng bất thường đường tiết niệu - Biến thể cấp.', 2),
('BENH155', N'Đau lưng trên cấp', N'đau lưng, căng cơ, mỏi vai', N'Đau vùng lưng trên - Biến thể cấp.', 3),
('BENH156', N'Tiểu đêm không đặc hiệu', N'đi tiểu nhiều về đêm, mất ngủ, mệt', N'Triệu chứng thường gặp ở người lớn tuổi - Biến thể không đặc hiệu.', 2),
('BENH157', N'Loãng xương nặng', N'đau lưng, giảm chiều cao, dễ gãy xương', N'Giảm mật độ xương - Biến thể nặng.', 3),
('BENH158', N'Loãng xương chưa rõ nguyên nhân', N'đau lưng, giảm chiều cao, dễ gãy xương', N'Giảm mật độ xương - Biến thể chưa rõ nguyên nhân.', 3),
('BENH159', N'Viêm thanh quản cấp chưa rõ nguyên nhân', N'khàn tiếng, ho, đau họng', N'Viêm thanh quản cấp - Biến thể chưa rõ nguyên nhân.', 3),
('BENH160', N'Thừa cân vừa', N'tăng cân, BMI cao, mệt khi vận động', N'Cân nặng cao hơn mức khuyến nghị - Biến thể vừa.', 3),
('BENH161', N'Béo phì nhẹ', N'tăng cân, thừa mỡ, khó thở khi vận động', N'Thừa cân/béo phì - Biến thể nhẹ.', 3),
('BENH162', N'Vảy nến mạn vừa', N'mảng đỏ, vảy trắng, ngứa', N'Bệnh da mạn tính - Biến thể mạn. - Biến thể vừa.', 3),
('BENH163', N'Viêm da tiếp xúc mạn không đặc hiệu', N'đỏ da, rát, ngứa, phồng rộp', N'Phản ứng viêm da do tiếp xúc dị nguyên - Biến thể mạn. - Biến thể không đặc hiệu.', 3),
('BENH164', N'Viêm lợi nhẹ', N'đỏ lợi, sưng lợi, chảy máu lợi', N'Viêm mô nướu - Biến thể nhẹ.', 3),
('BENH165', N'Béo phì chưa rõ nguyên nhân', N'tăng cân, thừa mỡ, khó thở khi vận động', N'Thừa cân/béo phì - Biến thể chưa rõ nguyên nhân.', 3),
('BENH166', N'Gan nhiễm mỡ cấp', N'mệt, nặng tức hạ sườn phải', N'Tích tụ mỡ trong gan - Biến thể cấp.', 3),
('BENH167', N'Nôn ói tái phát', N'buồn nôn, nôn, mệt, chóng mặt', N'Triệu chứng tiêu hóa thường gặp - Biến thể tái phát.', 2),
('BENH168', N'Béo phì nhẹ tái phát', N'tăng cân, thừa mỡ, khó thở khi vận động', N'Thừa cân/béo phì - Biến thể nhẹ. - Biến thể tái phát.', 3),
('BENH169', N'Trầm cảm nhẹ mạn', N'buồn bã, mệt mỏi, mất hứng thú', N'Rối loạn khí sắc nhẹ - Biến thể mạn.', 3),
('BENH170', N'Chảy máu chân răng không đặc hiệu', N'chảy máu lợi, đau nướu', N'Biểu hiện bệnh lý răng lợi - Biến thể không đặc hiệu.', 2),
('BENH171', N'Chấn thương phần mềm mạn nhẹ chưa rõ nguyên nhân', N'sưng đau, bầm tím, đau khi vận động', N'Tổn thương cơ, gân, dây chằng - Biến thể mạn. - Biến thể nhẹ. - Biến thể chưa rõ nguyên nhân.', 3),
('BENH172', N'Gan nhiễm mỡ không đặc hiệu vừa', N'mệt, nặng tức hạ sườn phải', N'Tích tụ mỡ trong gan - Biến thể không đặc hiệu. - Biến thể vừa.', 3),
('BENH173', N'Nhiễm khuẩn tiết niệu nặng cấp', N'tiểu buốt, tiểu rắt, đau bụng dưới, sốt', N'Nhiễm trùng hệ tiết niệu - Biến thể nặng. - Biến thể cấp.', 3),
('BENH174', N'Chán ăn vừa', N'ăn kém, sụt cân, mệt, đầy bụng', N'Triệu chứng toàn thân/tiêu hóa - Biến thể vừa.', 2),
('BENH175', N'Béo phì chưa rõ nguyên nhân nặng', N'tăng cân, thừa mỡ, khó thở khi vận động', N'Thừa cân/béo phì - Biến thể chưa rõ nguyên nhân. - Biến thể nặng.', 3),
('BENH176', N'Nôn ói vừa', N'buồn nôn, nôn, mệt, chóng mặt', N'Triệu chứng tiêu hóa thường gặp - Biến thể vừa.', 2),
('BENH177', N'Chóng mặt tái phát', N'choáng váng, buồn nôn, mất thăng bằng', N'Triệu chứng thần kinh thường gặp - Biến thể tái phát.', 2),
('BENH178', N'Stress cấp', N'căng thẳng, mệt, lo âu', N'Phản ứng stress - Biến thể cấp.', 2),
('BENH179', N'Nấm kẽ tái phát', N'ngứa, hăm kẽ, đỏ da', N'Nhiễm nấm tại vùng kẽ cơ thể - Biến thể tái phát.', 3),
('BENH180', N'Trật khớp không đặc hiệu mạn', N'đau dữ dội, biến dạng khớp, hạn chế vận động', N'Khớp lệch khỏi vị trí bình thường - Biến thể không đặc hiệu. - Biến thể mạn.', 3),
('BENH181', N'Béo phì nhẹ vừa', N'tăng cân, thừa mỡ, khó thở khi vận động', N'Thừa cân/béo phì - Biến thể nhẹ. - Biến thể vừa.', 3),
('BENH182', N'Viêm lợi nhẹ nhẹ', N'đỏ lợi, sưng lợi, chảy máu lợi', N'Viêm mô nướu - Biến thể nhẹ. - Biến thể nhẹ.', 3),
('BENH183', N'Hạ đường huyết nặng', N'run tay, vã mồ hôi, đói, mệt', N'Đường huyết giảm thấp hơn bình thường - Biến thể nặng.', 2),
('BENH184', N'Tăng đường huyết cấp', N'khát nước, tiểu nhiều, mệt', N'Đường huyết tăng cao hơn bình thường - Biến thể cấp.', 3),
('BENH185', N'Đái máu cấp nặng', N'nước tiểu đỏ, đau bụng dưới, tiểu buốt', N'Triệu chứng bất thường đường tiết niệu - Biến thể cấp. - Biến thể nặng.', 2),
('BENH186', N'Nhiễm khuẩn tiết niệu không đặc hiệu cấp', N'tiểu buốt, tiểu rắt, đau bụng dưới, sốt', N'Nhiễm trùng hệ tiết niệu - Biến thể không đặc hiệu. - Biến thể cấp.', 3),
('BENH187', N'Nôn ói nặng', N'buồn nôn, nôn, mệt, chóng mặt', N'Triệu chứng tiêu hóa thường gặp - Biến thể nặng.', 2),
('BENH188', N'Tiểu buốt nhẹ', N'tiểu đau, tiểu rắt, khó chịu khi đi tiểu', N'Triệu chứng đường tiết niệu - Biến thể nhẹ.', 2),
('BENH189', N'Viêm phổi cộng đồng nhẹ', N'sốt, ho, khó thở, đau ngực', N'Nhiễm trùng nhu mô phổi mắc phải cộng đồng - Biến thể nhẹ.', 3),
('BENH190', N'Khàn tiếng vừa mạn', N'nói khó, giọng khàn, đau họng', N'Triệu chứng thanh quản - Biến thể vừa. - Biến thể mạn.', 2),
('BENH191', N'Đau bụng chưa rõ nguyên nhân', N'đau bụng, buồn nôn, chướng bụng', N'Triệu chứng đau vùng bụng do nhiều nguyên nhân - Biến thể chưa rõ nguyên nhân.', 3),
('BENH192', N'Rối loạn tiêu hóa tái phát', N'đau bụng, đầy hơi, tiêu chảy, buồn nôn', N'Rối loạn chức năng tiêu hóa thường gặp - Biến thể tái phát.', 3),
('BENH193', N'Đái tháo đường type 2 chưa rõ nguyên nhân', N'khát nước, tiểu nhiều, mệt, sút cân', N'Rối loạn chuyển hóa glucose kéo dài - Biến thể chưa rõ nguyên nhân.', 3),
('BENH194', N'Ù tai mạn tái phát', N'ù tai, nghe kém, chóng mặt', N'Triệu chứng tai mũi họng - Biến thể mạn. - Biến thể tái phát.', 2),
('BENH195', N'Nấm kẽ không đặc hiệu', N'ngứa, hăm kẽ, đỏ da', N'Nhiễm nấm tại vùng kẽ cơ thể - Biến thể không đặc hiệu.', 3),
('BENH196', N'Loãng xương nhẹ', N'đau lưng, giảm chiều cao, dễ gãy xương', N'Giảm mật độ xương - Biến thể nhẹ.', 3),
('BENH197', N'Hạ đường huyết nặng vừa', N'run tay, vã mồ hôi, đói, mệt', N'Đường huyết giảm thấp hơn bình thường - Biến thể nặng. - Biến thể vừa.', 2),
('BENH198', N'Viêm tai ngoài nặng', N'đau tai, ngứa tai, chảy dịch', N'Viêm ống tai ngoài - Biến thể nặng.', 3),
('BENH199', N'Run tay chưa rõ nguyên nhân', N'run tay, hồi hộp, vã mồ hôi', N'Triệu chứng thần kinh hoặc chuyển hóa - Biến thể chưa rõ nguyên nhân.', 2),
('BENH200', N'Tăng huyết áp nhẹ', N'đau đầu, hoa mắt, chóng mặt, mệt', N'Bệnh tim mạch mạn tính - Biến thể nhẹ.', 3),
('BENH201', N'Đau vai mạn', N'đau vai, hạn chế nâng tay, cứng khớp', N'Đau vùng vai - Biến thể mạn.', 3),
('BENH202', N'Viêm niệu đạo cấp', N'tiểu buốt, tiểu rắt, ngứa niệu đạo', N'Viêm đường niệu đạo - Biến thể cấp.', 3),
('BENH203', N'Rối loạn mỡ máu nhẹ nhẹ', N'ít triệu chứng, mỡ máu cao', N'Rối loạn lipid máu - Biến thể nhẹ. - Biến thể nhẹ.', 3),
('BENH204', N'Viêm họng cấp mạn', N'đau họng, sốt nhẹ, nuốt đau, ho khan', N'Viêm niêm mạc họng cấp do virus hoặc vi khuẩn - Biến thể mạn.', 3),
('BENH205', N'Viêm lợi nhẹ nhẹ cấp', N'đỏ lợi, sưng lợi, chảy máu lợi', N'Viêm mô nướu - Biến thể nhẹ. - Biến thể nhẹ. - Biến thể cấp.', 3),
('BENH206', N'Đau lưng trên mạn', N'đau lưng, căng cơ, mỏi vai', N'Đau vùng lưng trên - Biến thể mạn.', 3),
('BENH207', N'COVID-19 nặng', N'sốt, ho, đau họng, mất mùi vị', N'Bệnh nhiễm virus SARS-CoV-2 - Biến thể nặng.', 3),
('BENH208', N'Tiêu chảy cấp nhẹ', N'tiêu chảy, đau bụng, mất nước, mệt', N'Đi ngoài phân lỏng nhiều lần trong thời gian ngắn - Biến thể nhẹ.', 3),
('BENH209', N'Khô da chưa rõ nguyên nhân', N'da khô, nứt nẻ, ngứa', N'Tình trạng da thiếu ẩm - Biến thể chưa rõ nguyên nhân.', 2),
('BENH210', N'Loãng xương tái phát', N'đau lưng, giảm chiều cao, dễ gãy xương', N'Giảm mật độ xương - Biến thể tái phát.', 3),
('BENH211', N'Nhiễm khuẩn tiết niệu không đặc hiệu cấp chưa rõ nguyên nhân', N'tiểu buốt, tiểu rắt, đau bụng dưới, sốt', N'Nhiễm trùng hệ tiết niệu - Biến thể không đặc hiệu. - Biến thể cấp. - Biến thể chưa rõ nguyên nhân.', 3),
('BENH212', N'Chàm da chưa rõ nguyên nhân', N'ngứa, da khô, mẩn đỏ, bong vảy', N'Tổn thương da mạn tính gây ngứa và viêm - Biến thể chưa rõ nguyên nhân.', 3),
('BENH213', N'COVID-19 nặng không đặc hiệu', N'sốt, ho, đau họng, mất mùi vị', N'Bệnh nhiễm virus SARS-CoV-2 - Biến thể nặng. - Biến thể không đặc hiệu.', 3),
('BENH214', N'Thoái hóa khớp gối mạn', N'đau gối, cứng khớp, khó đi lại', N'Thoái hóa sụn và cấu trúc khớp gối - Biến thể mạn.', 3),
('BENH215', N'Đầy hơi không đặc hiệu', N'bụng chướng, ợ hơi, khó chịu, chán ăn', N'Triệu chứng rối loạn tiêu hóa thường gặp - Biến thể không đặc hiệu.', 2),
('BENH216', N'Viêm kết mạc không đặc hiệu', N'đỏ mắt, ngứa mắt, chảy ghèn', N'Viêm kết mạc mắt - Biến thể không đặc hiệu.', 3),
('BENH217', N'Đau đầu căng thẳng chưa rõ nguyên nhân', N'đau đầu, căng cổ, mệt, khó tập trung', N'Đau đầu do căng thẳng - Biến thể chưa rõ nguyên nhân.', 3),
('BENH218', N'Nôn ói nặng cấp', N'buồn nôn, nôn, mệt, chóng mặt', N'Triệu chứng tiêu hóa thường gặp - Biến thể nặng. - Biến thể cấp.', 2),
('BENH219', N'Nhiễm khuẩn tiết niệu nặng cấp mạn', N'tiểu buốt, tiểu rắt, đau bụng dưới, sốt', N'Nhiễm trùng hệ tiết niệu - Biến thể nặng. - Biến thể cấp. - Biến thể mạn.', 3),
('BENH220', N'Viêm dạ dày không đặc hiệu', N'đau thượng vị, buồn nôn, ợ nóng, đầy bụng', N'Viêm niêm mạc dạ dày - Biến thể không đặc hiệu.', 3),
('BENH221', N'Nôn ói nặng nặng', N'buồn nôn, nôn, mệt, chóng mặt', N'Triệu chứng tiêu hóa thường gặp - Biến thể nặng. - Biến thể nặng.', 2),
('BENH222', N'Viêm lợi nhẹ nhẹ cấp mạn', N'đỏ lợi, sưng lợi, chảy máu lợi', N'Viêm mô nướu - Biến thể nhẹ. - Biến thể nhẹ. - Biến thể cấp. - Biến thể mạn.', 3),
('BENH223', N'Nhiễm trùng da nhẹ', N'đỏ da, sưng, đau, mủ, sốt', N'Nhiễm khuẩn tại da và mô dưới da - Biến thể nhẹ.', 3),
('BENH224', N'Thoái hóa khớp gối chưa rõ nguyên nhân', N'đau gối, cứng khớp, khó đi lại', N'Thoái hóa sụn và cấu trúc khớp gối - Biến thể chưa rõ nguyên nhân.', 3),
('BENH225', N'Béo phì không đặc hiệu', N'tăng cân, thừa mỡ, khó thở khi vận động', N'Thừa cân/béo phì - Biến thể không đặc hiệu.', 3),
('BENH226', N'Đau lưng dưới vừa', N'đau thắt lưng, đau lan mông, cứng lưng', N'Đau vùng thắt lưng - Biến thể vừa.', 3),
('BENH227', N'Đau đầu migraine nhẹ', N'đau đầu một bên, buồn nôn, sợ ánh sáng', N'Migraine - Biến thể nhẹ.', 3),
('BENH228', N'Thoái hóa khớp gối chưa rõ nguyên nhân mạn', N'đau gối, cứng khớp, khó đi lại', N'Thoái hóa sụn và cấu trúc khớp gối - Biến thể chưa rõ nguyên nhân. - Biến thể mạn.', 3),
('BENH229', N'Rối loạn tập trung mạn', N'khó tập trung, hay quên, mệt', N'Triệu chứng chức năng thần kinh - Biến thể mạn.', 2),
('BENH230', N'Viêm thanh khí phế quản cấp', N'ho ông ổng, khàn tiếng, khó thở', N'Viêm đường hô hấp trên và dưới - Biến thể cấp.', 3),
('BENH231', N'Gan nhiễm mỡ nhẹ', N'mệt, nặng tức hạ sườn phải', N'Tích tụ mỡ trong gan - Biến thể nhẹ.', 3),
('BENH232', N'Rối loạn tuyến giáp không đặc hiệu', N'mệt, sụt cân, hồi hộp, run tay', N'Rối loạn chức năng tuyến giáp - Biến thể không đặc hiệu.', 3),
('BENH233', N'Viêm niệu đạo mạn chưa rõ nguyên nhân', N'tiểu buốt, tiểu rắt, ngứa niệu đạo', N'Viêm đường niệu đạo - Biến thể mạn. - Biến thể chưa rõ nguyên nhân.', 3),
('BENH234', N'Loãng xương không đặc hiệu', N'đau lưng, giảm chiều cao, dễ gãy xương', N'Giảm mật độ xương - Biến thể không đặc hiệu.', 3),
('BENH235', N'Rối loạn tuyến giáp không đặc hiệu cấp', N'mệt, sụt cân, hồi hộp, run tay', N'Rối loạn chức năng tuyến giáp - Biến thể không đặc hiệu. - Biến thể cấp.', 3),
('BENH236', N'Cảm cúm không đặc hiệu', N'sốt, ho, sổ mũi, đau đầu', N'Nhiễm siêu vi đường hô hấp trên, điều trị triệu chứng - Biến thể không đặc hiệu.', 3),
('BENH237', N'Nấm kẽ chưa rõ nguyên nhân', N'ngứa, hăm kẽ, đỏ da', N'Nhiễm nấm tại vùng kẽ cơ thể - Biến thể chưa rõ nguyên nhân.', 3),
('BENH238', N'Viêm nang lông không đặc hiệu', N'mụn mủ nhỏ, ngứa, đỏ da', N'Viêm nang lông do vi khuẩn hoặc nấm - Biến thể không đặc hiệu.', 3),
('BENH239', N'Nấm kẽ tái phát chưa rõ nguyên nhân', N'ngứa, hăm kẽ, đỏ da', N'Nhiễm nấm tại vùng kẽ cơ thể - Biến thể tái phát. - Biến thể chưa rõ nguyên nhân.', 3),
('BENH240', N'Nhiễm khuẩn tiết niệu nhẹ', N'tiểu buốt, tiểu rắt, đau bụng dưới, sốt', N'Nhiễm trùng hệ tiết niệu - Biến thể nhẹ.', 3),
('BENH241', N'Viêm phổi cộng đồng cấp', N'sốt, ho, khó thở, đau ngực', N'Nhiễm trùng nhu mô phổi mắc phải cộng đồng - Biến thể cấp.', 3),
('BENH242', N'Rối loạn tiêu hóa tái phát nặng', N'đau bụng, đầy hơi, tiêu chảy, buồn nôn', N'Rối loạn chức năng tiêu hóa thường gặp - Biến thể tái phát. - Biến thể nặng.', 3),
('BENH243', N'Viêm da tiếp xúc mạn chưa rõ nguyên nhân', N'đỏ da, rát, ngứa, phồng rộp', N'Phản ứng viêm da do tiếp xúc dị nguyên - Biến thể mạn. - Biến thể chưa rõ nguyên nhân.', 3),
('BENH244', N'Viêm bao hoạt dịch cấp tái phát', N'đau khớp, sưng nóng, hạn chế vận động', N'Viêm túi hoạt dịch quanh khớp - Biến thể cấp. - Biến thể tái phát.', 3),
('BENH245', N'Viêm phổi cộng đồng mạn', N'sốt, ho, khó thở, đau ngực', N'Nhiễm trùng nhu mô phổi mắc phải cộng đồng - Biến thể mạn.', 3),
('BENH246', N'Nôn ói nặng cấp tái phát', N'buồn nôn, nôn, mệt, chóng mặt', N'Triệu chứng tiêu hóa thường gặp - Biến thể nặng. - Biến thể cấp. - Biến thể tái phát.', 2),
('BENH247', N'Nhiễm khuẩn tiết niệu nặng cấp nhẹ', N'tiểu buốt, tiểu rắt, đau bụng dưới, sốt', N'Nhiễm trùng hệ tiết niệu - Biến thể nặng. - Biến thể cấp. - Biến thể nhẹ.', 3),
('BENH248', N'Viêm nha chu mạn', N'chảy máu lợi, hôi miệng, lung lay răng', N'Bệnh nha chu - Biến thể mạn.', 3),
('BENH249', N'Rối loạn tiêu hóa tái phát nặng nhẹ', N'đau bụng, đầy hơi, tiêu chảy, buồn nôn', N'Rối loạn chức năng tiêu hóa thường gặp - Biến thể tái phát. - Biến thể nặng. - Biến thể nhẹ.', 3),
('BENH250', N'Viêm kết mạc nhẹ cấp', N'đỏ mắt, ngứa mắt, chảy ghèn', N'Viêm kết mạc mắt - Biến thể nhẹ. - Biến thể cấp.', 3),
('BENH251', N'Viêm thanh quản cấp chưa rõ nguyên nhân mạn', N'khàn tiếng, ho, đau họng', N'Viêm thanh quản cấp - Biến thể chưa rõ nguyên nhân. - Biến thể mạn.', 3),
('BENH252', N'Rối loạn lo âu nặng', N'lo lắng, hồi hộp, mất ngủ, căng thẳng', N'Rối loạn lo âu - Biến thể nặng.', 3),
('BENH253', N'Nhiễm khuẩn tiết niệu nhẹ vừa', N'tiểu buốt, tiểu rắt, đau bụng dưới, sốt', N'Nhiễm trùng hệ tiết niệu - Biến thể nhẹ. - Biến thể vừa.', 3),
('BENH254', N'Đau cổ nặng', N'đau cổ, cứng cổ, hạn chế xoay cổ', N'Đau vùng cổ thường gặp - Biến thể nặng.', 3),
('BENH255', N'Viêm da dị ứng vừa', N'ngứa da, mẩn đỏ, khô da, rát da', N'Bệnh viêm da mạn tính liên quan cơ địa dị ứng - Biến thể vừa.', 3),
('BENH256', N'Viêm thanh quản cấp tái phát', N'khàn tiếng, ho, đau họng', N'Viêm thanh quản cấp - Biến thể tái phát.', 3),
('BENH257', N'Đái máu cấp chưa rõ nguyên nhân', N'nước tiểu đỏ, đau bụng dưới, tiểu buốt', N'Triệu chứng bất thường đường tiết niệu - Biến thể cấp. - Biến thể chưa rõ nguyên nhân.', 2),
('BENH258', N'Vảy nến mạn vừa mạn', N'mảng đỏ, vảy trắng, ngứa', N'Bệnh da mạn tính - Biến thể mạn. - Biến thể vừa. - Biến thể mạn.', 3),
('BENH259', N'Viêm mũi xoang chưa rõ nguyên nhân', N'nghẹt mũi, chảy mũi, đau đầu, sốt', N'Viêm niêm mạc mũi xoang - Biến thể chưa rõ nguyên nhân.', 3),
('BENH260', N'Đau vai gáy mạn', N'đau cổ vai gáy, cứng cổ, tê tay', N'Đau vùng cổ vai gáy do nhiều nguyên nhân - Biến thể mạn.', 3),
('BENH261', N'Rối loạn giấc ngủ vừa', N'khó ngủ, ngủ không sâu, thức giấc sớm', N'Nhóm rối loạn giấc ngủ - Biến thể vừa.', 3),
('BENH262', N'Nấm kẽ nặng', N'ngứa, hăm kẽ, đỏ da', N'Nhiễm nấm tại vùng kẽ cơ thể - Biến thể nặng.', 3),
('BENH263', N'Khàn tiếng vừa mạn vừa', N'nói khó, giọng khàn, đau họng', N'Triệu chứng thanh quản - Biến thể vừa. - Biến thể mạn. - Biến thể vừa.', 2),
('BENH264', N'Tiểu đêm chưa rõ nguyên nhân', N'đi tiểu nhiều về đêm, mất ngủ, mệt', N'Triệu chứng thường gặp ở người lớn tuổi - Biến thể chưa rõ nguyên nhân.', 2),
('BENH265', N'Đau lưng trên cấp cấp', N'đau lưng, căng cơ, mỏi vai', N'Đau vùng lưng trên - Biến thể cấp. - Biến thể cấp.', 3),
('BENH266', N'Đái máu cấp mạn', N'nước tiểu đỏ, đau bụng dưới, tiểu buốt', N'Triệu chứng bất thường đường tiết niệu - Biến thể cấp. - Biến thể mạn.', 2),
('BENH267', N'Viêm da tiếp xúc vừa', N'đỏ da, rát, ngứa, phồng rộp', N'Phản ứng viêm da do tiếp xúc dị nguyên - Biến thể vừa.', 3),
('BENH268', N'Tiểu rắt vừa', N'đi tiểu nhiều lần, lượng ít, khó chịu', N'Triệu chứng đường tiết niệu - Biến thể vừa.', 2),
('BENH269', N'Viêm bao hoạt dịch mạn nhẹ', N'đau khớp, sưng nóng, hạn chế vận động', N'Viêm túi hoạt dịch quanh khớp - Biến thể mạn. - Biến thể nhẹ.', 3),
('BENH270', N'Nôn ói vừa nhẹ', N'buồn nôn, nôn, mệt, chóng mặt', N'Triệu chứng tiêu hóa thường gặp - Biến thể vừa. - Biến thể nhẹ.', 2),
('BENH271', N'Gan nhiễm mỡ không đặc hiệu chưa rõ nguyên nhân', N'mệt, nặng tức hạ sườn phải', N'Tích tụ mỡ trong gan - Biến thể không đặc hiệu. - Biến thể chưa rõ nguyên nhân.', 3),
('BENH272', N'Viêm bao hoạt dịch cấp cấp', N'đau khớp, sưng nóng, hạn chế vận động', N'Viêm túi hoạt dịch quanh khớp - Biến thể cấp. - Biến thể cấp.', 3),
('BENH273', N'Viêm khớp không đặc hiệu', N'đau khớp, sưng khớp, cứng khớp, hạn chế vận động', N'Tình trạng viêm một hoặc nhiều khớp - Biến thể không đặc hiệu.', 3),
('BENH274', N'Viêm họng cấp nặng', N'đau họng, sốt nhẹ, nuốt đau, ho khan', N'Viêm niêm mạc họng cấp do virus hoặc vi khuẩn - Biến thể nặng.', 3),
('BENH275', N'Nấm da vừa', N'ngứa, bong vảy, tổn thương vòng', N'Nhiễm nấm ở da - Biến thể vừa.', 3),
('BENH276', N'Suy thận mạn chưa rõ nguyên nhân', N'mệt, phù, tiểu ít, chán ăn', N'Suy giảm chức năng thận kéo dài - Biến thể chưa rõ nguyên nhân.', 3),
('BENH277', N'Nhiễm khuẩn tiết niệu nặng cấp mạn cấp', N'tiểu buốt, tiểu rắt, đau bụng dưới, sốt', N'Nhiễm trùng hệ tiết niệu - Biến thể nặng. - Biến thể cấp. - Biến thể mạn. - Biến thể cấp.', 3),
('BENH278', N'Viêm bàng quang cấp', N'tiểu buốt, tiểu rắt, đau hạ vị, sốt nhẹ', N'Viêm nhiễm bàng quang - Biến thể cấp.', 3),
('BENH279', N'Khàn tiếng vừa mạn tái phát', N'nói khó, giọng khàn, đau họng', N'Triệu chứng thanh quản - Biến thể vừa. - Biến thể mạn. - Biến thể tái phát.', 2),
('BENH280', N'Nôn ói nặng nặng tái phát', N'buồn nôn, nôn, mệt, chóng mặt', N'Triệu chứng tiêu hóa thường gặp - Biến thể nặng. - Biến thể nặng. - Biến thể tái phát.', 2),
('BENH281', N'Đau bụng vừa', N'đau bụng, buồn nôn, chướng bụng', N'Triệu chứng đau vùng bụng do nhiều nguyên nhân - Biến thể vừa.', 3),
('BENH282', N'Tăng đường huyết cấp nhẹ', N'khát nước, tiểu nhiều, mệt', N'Đường huyết tăng cao hơn bình thường - Biến thể cấp. - Biến thể nhẹ.', 3),
('BENH283', N'Viêm mũi cấp nhẹ mạn', N'nghẹt mũi, chảy mũi, hắt hơi', N'Viêm niêm mạc mũi cấp - Biến thể nhẹ. - Biến thể mạn.', 3),
('BENH284', N'Viêm lợi nhẹ nhẹ không đặc hiệu', N'đỏ lợi, sưng lợi, chảy máu lợi', N'Viêm mô nướu - Biến thể nhẹ. - Biến thể nhẹ. - Biến thể không đặc hiệu.', 3),
('BENH285', N'Tiểu rắt nhẹ', N'đi tiểu nhiều lần, lượng ít, khó chịu', N'Triệu chứng đường tiết niệu - Biến thể nhẹ.', 2),
('BENH286', N'Đái máu tái phát', N'nước tiểu đỏ, đau bụng dưới, tiểu buốt', N'Triệu chứng bất thường đường tiết niệu - Biến thể tái phát.', 2),
('BENH287', N'Chàm da chưa rõ nguyên nhân cấp', N'ngứa, da khô, mẩn đỏ, bong vảy', N'Tổn thương da mạn tính gây ngứa và viêm - Biến thể chưa rõ nguyên nhân. - Biến thể cấp.', 3),
('BENH288', N'Viêm tai giữa nặng', N'đau tai, sốt, ù tai, nghe kém', N'Viêm tai giữa - Biến thể nặng.', 3),
('BENH289', N'Nhiễm khuẩn tiết niệu không đặc hiệu cấp chưa rõ nguyên nhân nhẹ', N'tiểu buốt, tiểu rắt, đau bụng dưới, sốt', N'Nhiễm trùng hệ tiết niệu - Biến thể không đặc hiệu. - Biến thể cấp. - Biến thể chưa rõ nguyên nhân. - Biến thể nhẹ.', 3),
('BENH290', N'Đầy hơi nặng tái phát', N'bụng chướng, ợ hơi, khó chịu, chán ăn', N'Triệu chứng rối loạn tiêu hóa thường gặp - Biến thể nặng. - Biến thể tái phát.', 2),
('BENH291', N'Bong gân không đặc hiệu', N'sưng đau, hạn chế vận động, bầm tím', N'Tổn thương dây chằng do chấn thương - Biến thể không đặc hiệu.', 3),
('BENH292', N'Táo bón chưa rõ nguyên nhân', N'đi ngoài khó, đau bụng, bụng chướng', N'Giảm tần suất đi tiêu và phân khô cứng - Biến thể chưa rõ nguyên nhân.', 3),
('BENH293', N'Rối loạn tập trung nhẹ', N'khó tập trung, hay quên, mệt', N'Triệu chứng chức năng thần kinh - Biến thể nhẹ.', 2),
('BENH294', N'Cảm cúm không đặc hiệu nặng', N'sốt, ho, sổ mũi, đau đầu', N'Nhiễm siêu vi đường hô hấp trên, điều trị triệu chứng - Biến thể không đặc hiệu. - Biến thể nặng.', 3),
('BENH295', N'Loãng xương nặng nhẹ', N'đau lưng, giảm chiều cao, dễ gãy xương', N'Giảm mật độ xương - Biến thể nặng. - Biến thể nhẹ.', 3),
('BENH296', N'Mệt mỏi cấp', N'mệt, uể oải, giảm tập trung', N'Triệu chứng toàn thân - Biến thể cấp.', 2),
('BENH297', N'Trầm cảm nhẹ mạn vừa', N'buồn bã, mệt mỏi, mất hứng thú', N'Rối loạn khí sắc nhẹ - Biến thể mạn. - Biến thể vừa.', 3),
('BENH298', N'Béo phì vừa', N'tăng cân, thừa mỡ, khó thở khi vận động', N'Thừa cân/béo phì - Biến thể vừa.', 3),
('BENH299', N'Trật khớp không đặc hiệu mạn không đặc hiệu', N'đau dữ dội, biến dạng khớp, hạn chế vận động', N'Khớp lệch khỏi vị trí bình thường - Biến thể không đặc hiệu. - Biến thể mạn. - Biến thể không đặc hiệu.', 3),
('BENH300', N'Nấm da vừa nặng', N'ngứa, bong vảy, tổn thương vòng', N'Nhiễm nấm ở da - Biến thể vừa. - Biến thể nặng.', 3),
('BENH301', N'Tăng tiểu đêm vừa tái phát', N'đi tiểu đêm nhiều lần, mệt', N'Triệu chứng tiết niệu - Biến thể vừa. - Biến thể tái phát.', 2),
('BENH302', N'Béo phì vừa vừa', N'tăng cân, thừa mỡ, khó thở khi vận động', N'Thừa cân/béo phì - Biến thể vừa. - Biến thể vừa.', 3),
('BENH303', N'Táo bón mạn', N'đi ngoài khó, đau bụng, bụng chướng', N'Giảm tần suất đi tiêu và phân khô cứng - Biến thể mạn.', 3),
('BENH304', N'Nhiễm trùng da nhẹ nặng', N'đỏ da, sưng, đau, mủ, sốt', N'Nhiễm khuẩn tại da và mô dưới da - Biến thể nhẹ. - Biến thể nặng.', 3),
('BENH305', N'Béo phì nhẹ không đặc hiệu', N'tăng cân, thừa mỡ, khó thở khi vận động', N'Thừa cân/béo phì - Biến thể nhẹ. - Biến thể không đặc hiệu.', 3),
('BENH306', N'Nấm kẽ nặng mạn', N'ngứa, hăm kẽ, đỏ da', N'Nhiễm nấm tại vùng kẽ cơ thể - Biến thể nặng. - Biến thể mạn.', 3),
('BENH307', N'Viêm tai ngoài nặng nhẹ', N'đau tai, ngứa tai, chảy dịch', N'Viêm ống tai ngoài - Biến thể nặng. - Biến thể nhẹ.', 3),
('BENH308', N'Đau khớp gối chưa rõ nguyên nhân cấp', N'đau gối, cứng khớp, đi lại khó', N'Triệu chứng/ bệnh lý khớp gối - Biến thể chưa rõ nguyên nhân. - Biến thể cấp.', 3),
('BENH309', N'Thoái hóa khớp gối chưa rõ nguyên nhân cấp', N'đau gối, cứng khớp, khó đi lại', N'Thoái hóa sụn và cấu trúc khớp gối - Biến thể chưa rõ nguyên nhân. - Biến thể cấp.', 3),
('BENH310', N'Viêm da tiếp xúc vừa nhẹ', N'đỏ da, rát, ngứa, phồng rộp', N'Phản ứng viêm da do tiếp xúc dị nguyên - Biến thể vừa. - Biến thể nhẹ.', 3),
('BENH311', N'Nôn ói nặng không đặc hiệu', N'buồn nôn, nôn, mệt, chóng mặt', N'Triệu chứng tiêu hóa thường gặp - Biến thể nặng. - Biến thể không đặc hiệu.', 2),
('BENH312', N'Béo phì nặng', N'tăng cân, thừa mỡ, khó thở khi vận động', N'Thừa cân/béo phì - Biến thể nặng.', 3),
('BENH313', N'Béo phì nhẹ mạn', N'tăng cân, thừa mỡ, khó thở khi vận động', N'Thừa cân/béo phì - Biến thể nhẹ. - Biến thể mạn.', 3),
('BENH314', N'Đái máu cấp vừa', N'nước tiểu đỏ, đau bụng dưới, tiểu buốt', N'Triệu chứng bất thường đường tiết niệu - Biến thể cấp. - Biến thể vừa.', 2),
('BENH315', N'Loãng xương tái phát nặng', N'đau lưng, giảm chiều cao, dễ gãy xương', N'Giảm mật độ xương - Biến thể tái phát. - Biến thể nặng.', 3),
('BENH316', N'COVID-19 nặng vừa', N'sốt, ho, đau họng, mất mùi vị', N'Bệnh nhiễm virus SARS-CoV-2 - Biến thể nặng. - Biến thể vừa.', 3),
('BENH317', N'Viêm lợi nhẹ nhẹ không đặc hiệu tái phát', N'đỏ lợi, sưng lợi, chảy máu lợi', N'Viêm mô nướu - Biến thể nhẹ. - Biến thể nhẹ. - Biến thể không đặc hiệu. - Biến thể tái phát.', 3),
('BENH318', N'Nấm kẽ không đặc hiệu tái phát', N'ngứa, hăm kẽ, đỏ da', N'Nhiễm nấm tại vùng kẽ cơ thể - Biến thể không đặc hiệu. - Biến thể tái phát.', 3),
('BENH319', N'COVID-19 nặng vừa vừa', N'sốt, ho, đau họng, mất mùi vị', N'Bệnh nhiễm virus SARS-CoV-2 - Biến thể nặng. - Biến thể vừa. - Biến thể vừa.', 3),
('BENH320', N'Tiêu chảy cấp nhẹ cấp', N'tiêu chảy, đau bụng, mất nước, mệt', N'Đi ngoài phân lỏng nhiều lần trong thời gian ngắn - Biến thể nhẹ. - Biến thể cấp.', 3),
('BENH321', N'Tiểu đêm không đặc hiệu vừa', N'đi tiểu nhiều về đêm, mất ngủ, mệt', N'Triệu chứng thường gặp ở người lớn tuổi - Biến thể không đặc hiệu. - Biến thể vừa.', 2),
('BENH322', N'Rối loạn lo âu không đặc hiệu', N'lo lắng, hồi hộp, mất ngủ, căng thẳng', N'Rối loạn lo âu - Biến thể không đặc hiệu.', 3),
('BENH323', N'Trầm cảm nhẹ mạn vừa nặng', N'buồn bã, mệt mỏi, mất hứng thú', N'Rối loạn khí sắc nhẹ - Biến thể mạn. - Biến thể vừa. - Biến thể nặng.', 3),
('BENH324', N'Nấm kẽ tái phát chưa rõ nguyên nhân chưa rõ nguyên nhân', N'ngứa, hăm kẽ, đỏ da', N'Nhiễm nấm tại vùng kẽ cơ thể - Biến thể tái phát. - Biến thể chưa rõ nguyên nhân. - Biến thể chưa rõ nguyên nhân.', 3),
('BENH325', N'Đau đầu migraine nhẹ nhẹ', N'đau đầu một bên, buồn nôn, sợ ánh sáng', N'Migraine - Biến thể nhẹ. - Biến thể nhẹ.', 3),
('BENH326', N'Nấm kẽ nặng chưa rõ nguyên nhân', N'ngứa, hăm kẽ, đỏ da', N'Nhiễm nấm tại vùng kẽ cơ thể - Biến thể nặng. - Biến thể chưa rõ nguyên nhân.', 3),
('BENH327', N'Khàn tiếng vừa nặng', N'nói khó, giọng khàn, đau họng', N'Triệu chứng thanh quản - Biến thể vừa. - Biến thể nặng.', 2),
('BENH328', N'Viêm khớp nhẹ', N'đau khớp, sưng khớp, cứng khớp, hạn chế vận động', N'Tình trạng viêm một hoặc nhiều khớp - Biến thể nhẹ.', 3),
('BENH329', N'Viêm thanh quản cấp chưa rõ nguyên nhân nhẹ', N'khàn tiếng, ho, đau họng', N'Viêm thanh quản cấp - Biến thể chưa rõ nguyên nhân. - Biến thể nhẹ.', 3),
('BENH330', N'Nhiễm khuẩn tiết niệu không đặc hiệu chưa rõ nguyên nhân', N'tiểu buốt, tiểu rắt, đau bụng dưới, sốt', N'Nhiễm trùng hệ tiết niệu - Biến thể không đặc hiệu. - Biến thể chưa rõ nguyên nhân.', 3),
('BENH331', N'Béo phì nhẹ mạn mạn', N'tăng cân, thừa mỡ, khó thở khi vận động', N'Thừa cân/béo phì - Biến thể nhẹ. - Biến thể mạn. - Biến thể mạn.', 3),
('BENH332', N'Loãng xương không đặc hiệu không đặc hiệu', N'đau lưng, giảm chiều cao, dễ gãy xương', N'Giảm mật độ xương - Biến thể không đặc hiệu. - Biến thể không đặc hiệu.', 3),
('BENH333', N'Trầm cảm nhẹ mạn vừa nặng nhẹ', N'buồn bã, mệt mỏi, mất hứng thú', N'Rối loạn khí sắc nhẹ - Biến thể mạn. - Biến thể vừa. - Biến thể nặng. - Biến thể nhẹ.', 3),
('BENH334', N'Hạ đường huyết nặng vừa chưa rõ nguyên nhân', N'run tay, vã mồ hôi, đói, mệt', N'Đường huyết giảm thấp hơn bình thường - Biến thể nặng. - Biến thể vừa. - Biến thể chưa rõ nguyên nhân.', 2),
('BENH335', N'Viêm lợi nhẹ nhẹ cấp nhẹ', N'đỏ lợi, sưng lợi, chảy máu lợi', N'Viêm mô nướu - Biến thể nhẹ. - Biến thể nhẹ. - Biến thể cấp. - Biến thể nhẹ.', 3),
('BENH336', N'Nhiễm khuẩn tiết niệu cấp', N'tiểu buốt, tiểu rắt, đau bụng dưới, sốt', N'Nhiễm trùng hệ tiết niệu - Biến thể cấp.', 3),
('BENH337', N'Run tay tái phát', N'run tay, hồi hộp, vã mồ hôi', N'Triệu chứng thần kinh hoặc chuyển hóa - Biến thể tái phát.', 2),
('BENH338', N'Đái máu cấp mạn chưa rõ nguyên nhân', N'nước tiểu đỏ, đau bụng dưới, tiểu buốt', N'Triệu chứng bất thường đường tiết niệu - Biến thể cấp. - Biến thể mạn. - Biến thể chưa rõ nguyên nhân.', 2),
('BENH339', N'Viêm đại tràng nhẹ', N'đau bụng, tiêu chảy, đầy hơi, mót rặn', N'Viêm niêm mạc đại tràng - Biến thể nhẹ.', 3),
('BENH340', N'Viêm da tiếp xúc chưa rõ nguyên nhân', N'đỏ da, rát, ngứa, phồng rộp', N'Phản ứng viêm da do tiếp xúc dị nguyên - Biến thể chưa rõ nguyên nhân.', 3),
('BENH341', N'Viêm bao hoạt dịch cấp cấp nặng', N'đau khớp, sưng nóng, hạn chế vận động', N'Viêm túi hoạt dịch quanh khớp - Biến thể cấp. - Biến thể cấp. - Biến thể nặng.', 3),
('BENH342', N'Đau đầu migraine nhẹ không đặc hiệu', N'đau đầu một bên, buồn nôn, sợ ánh sáng', N'Migraine - Biến thể nhẹ. - Biến thể không đặc hiệu.', 3),
('BENH343', N'Đau bụng vừa chưa rõ nguyên nhân', N'đau bụng, buồn nôn, chướng bụng', N'Triệu chứng đau vùng bụng do nhiều nguyên nhân - Biến thể vừa. - Biến thể chưa rõ nguyên nhân.', 3),
('BENH344', N'Sỏi tiết niệu chưa rõ nguyên nhân', N'đau quặn thận, tiểu buốt, tiểu máu', N'Sỏi đường tiết niệu - Biến thể chưa rõ nguyên nhân.', 3),
('BENH345', N'Gan nhiễm mỡ nhẹ vừa', N'mệt, nặng tức hạ sườn phải', N'Tích tụ mỡ trong gan - Biến thể nhẹ. - Biến thể vừa.', 3),
('BENH346', N'Viêm mũi xoang cấp vừa', N'nghẹt mũi, chảy mũi, đau đầu, sốt', N'Viêm niêm mạc mũi xoang - Biến thể cấp. - Biến thể vừa.', 3),
('BENH347', N'Viêm da tiếp xúc vừa chưa rõ nguyên nhân', N'đỏ da, rát, ngứa, phồng rộp', N'Phản ứng viêm da do tiếp xúc dị nguyên - Biến thể vừa. - Biến thể chưa rõ nguyên nhân.', 3),
('BENH348', N'Tiểu đêm không đặc hiệu vừa nhẹ', N'đi tiểu nhiều về đêm, mất ngủ, mệt', N'Triệu chứng thường gặp ở người lớn tuổi - Biến thể không đặc hiệu. - Biến thể vừa. - Biến thể nhẹ.', 2),
('BENH349', N'Ù tai mạn chưa rõ nguyên nhân', N'ù tai, nghe kém, chóng mặt', N'Triệu chứng tai mũi họng - Biến thể mạn. - Biến thể chưa rõ nguyên nhân.', 2),
('BENH350', N'Hạ đường huyết vừa', N'run tay, vã mồ hôi, đói, mệt', N'Đường huyết giảm thấp hơn bình thường - Biến thể vừa.', 2),
('BENH351', N'Sỏi tiết niệu mạn vừa', N'đau quặn thận, tiểu buốt, tiểu máu', N'Sỏi đường tiết niệu - Biến thể mạn. - Biến thể vừa.', 3),
('BENH352', N'Gan nhiễm mỡ không đặc hiệu vừa nặng', N'mệt, nặng tức hạ sườn phải', N'Tích tụ mỡ trong gan - Biến thể không đặc hiệu. - Biến thể vừa. - Biến thể nặng.', 3),
('BENH353', N'Nhiễm khuẩn tiết niệu nặng cấp mạn cấp mạn', N'tiểu buốt, tiểu rắt, đau bụng dưới, sốt', N'Nhiễm trùng hệ tiết niệu - Biến thể nặng. - Biến thể cấp. - Biến thể mạn. - Biến thể cấp. - Biến thể mạn.', 3),
('BENH354', N'Mụn trứng cá tái phát', N'mụn viêm, mụn đầu đen, da dầu', N'Bệnh da liễu thường gặp - Biến thể tái phát.', 3),
('BENH355', N'Đau đầu migraine không đặc hiệu', N'đau đầu một bên, buồn nôn, sợ ánh sáng', N'Migraine - Biến thể không đặc hiệu.', 3),
('BENH356', N'Đái tháo đường type 2 không đặc hiệu', N'khát nước, tiểu nhiều, mệt, sút cân', N'Rối loạn chuyển hóa glucose kéo dài - Biến thể không đặc hiệu.', 3),
('BENH357', N'Khô da chưa rõ nguyên nhân nặng', N'da khô, nứt nẻ, ngứa', N'Tình trạng da thiếu ẩm - Biến thể chưa rõ nguyên nhân. - Biến thể nặng.', 2),
('BENH358', N'Viêm bàng quang cấp chưa rõ nguyên nhân', N'tiểu buốt, tiểu rắt, đau hạ vị, sốt nhẹ', N'Viêm nhiễm bàng quang - Biến thể cấp. - Biến thể chưa rõ nguyên nhân.', 3),
('BENH359', N'COVID-19 nặng không đặc hiệu cấp', N'sốt, ho, đau họng, mất mùi vị', N'Bệnh nhiễm virus SARS-CoV-2 - Biến thể nặng. - Biến thể không đặc hiệu. - Biến thể cấp.', 3),
('BENH360', N'Đau đầu căng thẳng không đặc hiệu', N'đau đầu, căng cổ, mệt, khó tập trung', N'Đau đầu do căng thẳng - Biến thể không đặc hiệu.', 3),
('BENH361', N'Tăng huyết áp nhẹ cấp', N'đau đầu, hoa mắt, chóng mặt, mệt', N'Bệnh tim mạch mạn tính - Biến thể nhẹ. - Biến thể cấp.', 3),
('BENH362', N'Loãng xương nặng nhẹ không đặc hiệu', N'đau lưng, giảm chiều cao, dễ gãy xương', N'Giảm mật độ xương - Biến thể nặng. - Biến thể nhẹ. - Biến thể không đặc hiệu.', 3),
('BENH363', N'Viêm phổi cộng đồng mạn cấp', N'sốt, ho, khó thở, đau ngực', N'Nhiễm trùng nhu mô phổi mắc phải cộng đồng - Biến thể mạn. - Biến thể cấp.', 3),
('BENH364', N'Béo phì nhẹ vừa vừa', N'tăng cân, thừa mỡ, khó thở khi vận động', N'Thừa cân/béo phì - Biến thể nhẹ. - Biến thể vừa. - Biến thể vừa.', 3),
('BENH365', N'Tăng huyết áp nhẹ không đặc hiệu', N'đau đầu, hoa mắt, chóng mặt, mệt', N'Bệnh tim mạch mạn tính - Biến thể nhẹ. - Biến thể không đặc hiệu.', 3),
('BENH366', N'Suy thận mạn chưa rõ nguyên nhân nhẹ', N'mệt, phù, tiểu ít, chán ăn', N'Suy giảm chức năng thận kéo dài - Biến thể chưa rõ nguyên nhân. - Biến thể nhẹ.', 3),
('BENH367', N'Viêm kết mạc nhẹ cấp nhẹ', N'đỏ mắt, ngứa mắt, chảy ghèn', N'Viêm kết mạc mắt - Biến thể nhẹ. - Biến thể cấp. - Biến thể nhẹ.', 3),
('BENH368', N'Suy thận cấp vừa mạn không đặc hiệu', N'tiểu ít, phù, mệt, buồn nôn', N'Suy giảm chức năng thận cấp tính - Biến thể vừa. - Biến thể mạn. - Biến thể không đặc hiệu.', 3),
('BENH369', N'Rối loạn tiêu hóa tái phát nặng nhẹ cấp', N'đau bụng, đầy hơi, tiêu chảy, buồn nôn', N'Rối loạn chức năng tiêu hóa thường gặp - Biến thể tái phát. - Biến thể nặng. - Biến thể nhẹ. - Biến thể cấp.', 3),
('BENH370', N'Tăng huyết áp nhẹ nặng', N'đau đầu, hoa mắt, chóng mặt, mệt', N'Bệnh tim mạch mạn tính - Biến thể nhẹ. - Biến thể nặng.', 3),
('BENH371', N'Đau bụng vừa chưa rõ nguyên nhân không đặc hiệu', N'đau bụng, buồn nôn, chướng bụng', N'Triệu chứng đau vùng bụng do nhiều nguyên nhân - Biến thể vừa. - Biến thể chưa rõ nguyên nhân. - Biến thể không đặc hiệu.', 3),
('BENH372', N'Đau bụng vừa chưa rõ nguyên nhân không đặc hiệu tái phát', N'đau bụng, buồn nôn, chướng bụng', N'Triệu chứng đau vùng bụng do nhiều nguyên nhân - Biến thể vừa. - Biến thể chưa rõ nguyên nhân. - Biến thể không đặc hiệu. - Biến thể tái phát.', 3),
('BENH373', N'Nhiễm khuẩn tiết niệu nhẹ tái phát', N'tiểu buốt, tiểu rắt, đau bụng dưới, sốt', N'Nhiễm trùng hệ tiết niệu - Biến thể nhẹ. - Biến thể tái phát.', 3),
('BENH374', N'COVID-19 nặng vừa vừa cấp', N'sốt, ho, đau họng, mất mùi vị', N'Bệnh nhiễm virus SARS-CoV-2 - Biến thể nặng. - Biến thể vừa. - Biến thể vừa. - Biến thể cấp.', 3),
('BENH375', N'Viêm niệu đạo cấp cấp', N'tiểu buốt, tiểu rắt, ngứa niệu đạo', N'Viêm đường niệu đạo - Biến thể cấp. - Biến thể cấp.', 3),
('BENH376', N'Rôm sảy chưa rõ nguyên nhân', N'ngứa, nổi mẩn nhỏ, rát da', N'Tắc tuyến mồ hôi gây mẩn ngứa - Biến thể chưa rõ nguyên nhân.', 2),
('BENH377', N'Đau răng cấp', N'đau răng, ê buốt, sưng nướu', N'Đau liên quan răng và mô quanh răng - Biến thể cấp.', 3),
('BENH378', N'Tăng tiểu đêm vừa không đặc hiệu', N'đi tiểu đêm nhiều lần, mệt', N'Triệu chứng tiết niệu - Biến thể vừa. - Biến thể không đặc hiệu.', 2),
('BENH379', N'Béo phì nhẹ tái phát nhẹ', N'tăng cân, thừa mỡ, khó thở khi vận động', N'Thừa cân/béo phì - Biến thể nhẹ. - Biến thể tái phát. - Biến thể nhẹ.', 3),
('BENH380', N'Viêm niệu đạo mạn chưa rõ nguyên nhân nặng', N'tiểu buốt, tiểu rắt, ngứa niệu đạo', N'Viêm đường niệu đạo - Biến thể mạn. - Biến thể chưa rõ nguyên nhân. - Biến thể nặng.', 3),
('BENH381', N'Nhiễm khuẩn tiết niệu nặng cấp không đặc hiệu', N'tiểu buốt, tiểu rắt, đau bụng dưới, sốt', N'Nhiễm trùng hệ tiết niệu - Biến thể nặng. - Biến thể cấp. - Biến thể không đặc hiệu.', 3),
('BENH382', N'Chấn thương phần mềm mạn không đặc hiệu', N'sưng đau, bầm tím, đau khi vận động', N'Tổn thương cơ, gân, dây chằng - Biến thể mạn. - Biến thể không đặc hiệu.', 3),
('BENH383', N'Viêm phổi cộng đồng cấp cấp', N'sốt, ho, khó thở, đau ngực', N'Nhiễm trùng nhu mô phổi mắc phải cộng đồng - Biến thể cấp. - Biến thể cấp.', 3),
('BENH384', N'Nhiễm khuẩn tiết niệu nặng cấp mạn cấp cấp', N'tiểu buốt, tiểu rắt, đau bụng dưới, sốt', N'Nhiễm trùng hệ tiết niệu - Biến thể nặng. - Biến thể cấp. - Biến thể mạn. - Biến thể cấp. - Biến thể cấp.', 3),
('BENH385', N'Trật khớp không đặc hiệu mạn nhẹ', N'đau dữ dội, biến dạng khớp, hạn chế vận động', N'Khớp lệch khỏi vị trí bình thường - Biến thể không đặc hiệu. - Biến thể mạn. - Biến thể nhẹ.', 3),
('BENH386', N'Trầm cảm nhẹ mạn vừa nặng nhẹ mạn', N'buồn bã, mệt mỏi, mất hứng thú', N'Rối loạn khí sắc nhẹ - Biến thể mạn. - Biến thể vừa. - Biến thể nặng. - Biến thể nhẹ. - Biến thể mạn.', 3),
('BENH387', N'Hạ đường huyết nặng vừa chưa rõ nguyên nhân cấp', N'run tay, vã mồ hôi, đói, mệt', N'Đường huyết giảm thấp hơn bình thường - Biến thể nặng. - Biến thể vừa. - Biến thể chưa rõ nguyên nhân. - Biến thể cấp.', 2),
('BENH388', N'Hạ đường huyết nặng vừa chưa rõ nguyên nhân cấp cấp', N'run tay, vã mồ hôi, đói, mệt', N'Đường huyết giảm thấp hơn bình thường - Biến thể nặng. - Biến thể vừa. - Biến thể chưa rõ nguyên nhân. - Biến thể cấp. - Biến thể cấp.', 2),
('BENH389', N'Viêm mũi xoang cấp nhẹ', N'nghẹt mũi, chảy mũi, đau đầu, sốt', N'Viêm niêm mạc mũi xoang - Biến thể cấp. - Biến thể nhẹ.', 3),
('BENH390', N'Viêm thanh quản tái phát', N'khàn tiếng, ho, đau họng', N'Viêm thanh quản - Biến thể tái phát.', 3),
('BENH391', N'Rối loạn lipid máu nhẹ tái phát', N'mỡ máu cao, thừa cân, ít triệu chứng', N'Rối loạn chuyển hóa chất béo trong máu - Biến thể nhẹ. - Biến thể tái phát.', 3),
('BENH392', N'Viêm da tiếp xúc mạn chưa rõ nguyên nhân mạn', N'đỏ da, rát, ngứa, phồng rộp', N'Phản ứng viêm da do tiếp xúc dị nguyên - Biến thể mạn. - Biến thể chưa rõ nguyên nhân. - Biến thể mạn.', 3),
('BENH393', N'Nhiễm khuẩn tiết niệu không đặc hiệu cấp chưa rõ nguyên nhân nhẹ nhẹ', N'tiểu buốt, tiểu rắt, đau bụng dưới, sốt', N'Nhiễm trùng hệ tiết niệu - Biến thể không đặc hiệu. - Biến thể cấp. - Biến thể chưa rõ nguyên nhân. - Biến thể nhẹ. - Biến thể nhẹ.', 3),
('BENH394', N'Nấm kẽ tái phát chưa rõ nguyên nhân vừa', N'ngứa, hăm kẽ, đỏ da', N'Nhiễm nấm tại vùng kẽ cơ thể - Biến thể tái phát. - Biến thể chưa rõ nguyên nhân. - Biến thể vừa.', 3),
('BENH395', N'Nhiễm khuẩn tiết niệu không đặc hiệu cấp chưa rõ nguyên nhân nhẹ nhẹ nặng', N'tiểu buốt, tiểu rắt, đau bụng dưới, sốt', N'Nhiễm trùng hệ tiết niệu - Biến thể không đặc hiệu. - Biến thể cấp. - Biến thể chưa rõ nguyên nhân. - Biến thể nhẹ. - Biến thể nhẹ. - Biến thể nặng.', 3),
('BENH396', N'Tiểu khó mạn', N'tiểu khó, dòng tiểu yếu, đau rát', N'Rối loạn tiểu tiện - Biến thể mạn.', 2),
('BENH397', N'Đái máu vừa', N'nước tiểu đỏ, đau bụng dưới, tiểu buốt', N'Triệu chứng bất thường đường tiết niệu - Biến thể vừa.', 2),
('BENH398', N'Bong gân cấp', N'sưng đau, hạn chế vận động, bầm tím', N'Tổn thương dây chằng do chấn thương - Biến thể cấp.', 3),
('BENH399', N'Thừa cân vừa không đặc hiệu', N'tăng cân, BMI cao, mệt khi vận động', N'Cân nặng cao hơn mức khuyến nghị - Biến thể vừa. - Biến thể không đặc hiệu.', 3),
('BENH400', N'Viêm họng cấp mạn nhẹ', N'đau họng, sốt nhẹ, nuốt đau, ho khan', N'Viêm niêm mạc họng cấp do virus hoặc vi khuẩn - Biến thể mạn. - Biến thể nhẹ.', 3),
('BENH401', N'Rối loạn chuyển hóa nhẹ', N'mệt, tăng cân, đường huyết bất thường', N'Nhóm rối loạn chuyển hóa chung - Biến thể nhẹ.', 3),
('BENH402', N'Đau cổ vừa', N'đau cổ, cứng cổ, hạn chế xoay cổ', N'Đau vùng cổ thường gặp - Biến thể vừa.', 3),
('BENH403', N'Sỏi tiết niệu mạn vừa mạn', N'đau quặn thận, tiểu buốt, tiểu máu', N'Sỏi đường tiết niệu - Biến thể mạn. - Biến thể vừa. - Biến thể mạn.', 3),
('BENH404', N'Đầy hơi nặng tái phát cấp', N'bụng chướng, ợ hơi, khó chịu, chán ăn', N'Triệu chứng rối loạn tiêu hóa thường gặp - Biến thể nặng. - Biến thể tái phát. - Biến thể cấp.', 2),
('BENH405', N'Stress cấp không đặc hiệu', N'căng thẳng, mệt, lo âu', N'Phản ứng stress - Biến thể cấp. - Biến thể không đặc hiệu.', 2),
('BENH406', N'Viêm đại tràng nhẹ nặng', N'đau bụng, tiêu chảy, đầy hơi, mót rặn', N'Viêm niêm mạc đại tràng - Biến thể nhẹ. - Biến thể nặng.', 3),
('BENH407', N'Hen phế quản không đặc hiệu', N'khò khè, khó thở, tức ngực, ho', N'Bệnh viêm mạn tính đường thở gây co thắt phế quản - Biến thể không đặc hiệu.', 3),
('BENH408', N'Viêm thanh quản cấp chưa rõ nguyên nhân mạn mạn', N'khàn tiếng, ho, đau họng', N'Viêm thanh quản cấp - Biến thể chưa rõ nguyên nhân. - Biến thể mạn. - Biến thể mạn.', 3),
('BENH409', N'Viêm lợi nhẹ nhẹ cấp mạn nặng', N'đỏ lợi, sưng lợi, chảy máu lợi', N'Viêm mô nướu - Biến thể nhẹ. - Biến thể nhẹ. - Biến thể cấp. - Biến thể mạn. - Biến thể nặng.', 3),
('BENH410', N'Nấm kẽ nặng chưa rõ nguyên nhân chưa rõ nguyên nhân', N'ngứa, hăm kẽ, đỏ da', N'Nhiễm nấm tại vùng kẽ cơ thể - Biến thể nặng. - Biến thể chưa rõ nguyên nhân. - Biến thể chưa rõ nguyên nhân.', 3),
('BENH411', N'Viêm phổi cộng đồng mạn cấp tái phát', N'sốt, ho, khó thở, đau ngực', N'Nhiễm trùng nhu mô phổi mắc phải cộng đồng - Biến thể mạn. - Biến thể cấp. - Biến thể tái phát.', 3),
('BENH412', N'Nhiễm trùng da nhẹ tái phát', N'đỏ da, sưng, đau, mủ, sốt', N'Nhiễm khuẩn tại da và mô dưới da - Biến thể nhẹ. - Biến thể tái phát.', 3),
('BENH413', N'Rôm sảy chưa rõ nguyên nhân vừa', N'ngứa, nổi mẩn nhỏ, rát da', N'Tắc tuyến mồ hôi gây mẩn ngứa - Biến thể chưa rõ nguyên nhân. - Biến thể vừa.', 2),
('BENH414', N'COVID-19 nặng vừa chưa rõ nguyên nhân', N'sốt, ho, đau họng, mất mùi vị', N'Bệnh nhiễm virus SARS-CoV-2 - Biến thể nặng. - Biến thể vừa. - Biến thể chưa rõ nguyên nhân.', 3),
('BENH415', N'Nấm kẽ tái phát chưa rõ nguyên nhân không đặc hiệu', N'ngứa, hăm kẽ, đỏ da', N'Nhiễm nấm tại vùng kẽ cơ thể - Biến thể tái phát. - Biến thể chưa rõ nguyên nhân. - Biến thể không đặc hiệu.', 3),
('BENH416', N'Viêm niệu đạo cấp cấp vừa', N'tiểu buốt, tiểu rắt, ngứa niệu đạo', N'Viêm đường niệu đạo - Biến thể cấp. - Biến thể cấp. - Biến thể vừa.', 3),
('BENH417', N'Gan nhiễm mỡ cấp nhẹ', N'mệt, nặng tức hạ sườn phải', N'Tích tụ mỡ trong gan - Biến thể cấp. - Biến thể nhẹ.', 3),
('BENH418', N'Rối loạn chuyển hóa acid uric vừa', N'đau khớp, sưng khớp, mệt', N'Rối loạn chuyển hóa acid uric - Biến thể vừa.', 3),
('BENH419', N'Gan nhiễm mỡ nhẹ nhẹ', N'mệt, nặng tức hạ sườn phải', N'Tích tụ mỡ trong gan - Biến thể nhẹ. - Biến thể nhẹ.', 3),
('BENH420', N'Trật khớp không đặc hiệu mạn nhẹ chưa rõ nguyên nhân', N'đau dữ dội, biến dạng khớp, hạn chế vận động', N'Khớp lệch khỏi vị trí bình thường - Biến thể không đặc hiệu. - Biến thể mạn. - Biến thể nhẹ. - Biến thể chưa rõ nguyên nhân.', 3),
('BENH421', N'Táo bón chưa rõ nguyên nhân không đặc hiệu', N'đi ngoài khó, đau bụng, bụng chướng', N'Giảm tần suất đi tiêu và phân khô cứng - Biến thể chưa rõ nguyên nhân. - Biến thể không đặc hiệu.', 3),
('BENH422', N'Nhiễm khuẩn tiết niệu nặng cấp cấp', N'tiểu buốt, tiểu rắt, đau bụng dưới, sốt', N'Nhiễm trùng hệ tiết niệu - Biến thể nặng. - Biến thể cấp. - Biến thể cấp.', 3),
('BENH423', N'Đau cổ nặng nặng', N'đau cổ, cứng cổ, hạn chế xoay cổ', N'Đau vùng cổ thường gặp - Biến thể nặng. - Biến thể nặng.', 3),
('BENH424', N'Đau răng chưa rõ nguyên nhân', N'đau răng, ê buốt, sưng nướu', N'Đau liên quan răng và mô quanh răng - Biến thể chưa rõ nguyên nhân.', 3),
('BENH425', N'Trầm cảm nhẹ nặng', N'buồn bã, mệt mỏi, mất hứng thú', N'Rối loạn khí sắc nhẹ - Biến thể nặng.', 3),
('BENH426', N'Viêm lợi nhẹ nhẹ cấp mạn nặng vừa', N'đỏ lợi, sưng lợi, chảy máu lợi', N'Viêm mô nướu - Biến thể nhẹ. - Biến thể nhẹ. - Biến thể cấp. - Biến thể mạn. - Biến thể nặng. - Biến thể vừa.', 3),
('BENH427', N'Béo phì chưa rõ nguyên nhân nặng vừa', N'tăng cân, thừa mỡ, khó thở khi vận động', N'Thừa cân/béo phì - Biến thể chưa rõ nguyên nhân. - Biến thể nặng. - Biến thể vừa.', 3),
('BENH428', N'Nấm kẽ nặng mạn vừa', N'ngứa, hăm kẽ, đỏ da', N'Nhiễm nấm tại vùng kẽ cơ thể - Biến thể nặng. - Biến thể mạn. - Biến thể vừa.', 3),
('BENH429', N'Tiểu rắt nhẹ cấp', N'đi tiểu nhiều lần, lượng ít, khó chịu', N'Triệu chứng đường tiết niệu - Biến thể nhẹ. - Biến thể cấp.', 2),
('BENH430', N'Đau lưng trên cấp cấp nhẹ', N'đau lưng, căng cơ, mỏi vai', N'Đau vùng lưng trên - Biến thể cấp. - Biến thể cấp. - Biến thể nhẹ.', 3),
('BENH431', N'Rối loạn tiêu hóa tái phát nặng nhẹ cấp không đặc hiệu', N'đau bụng, đầy hơi, tiêu chảy, buồn nôn', N'Rối loạn chức năng tiêu hóa thường gặp - Biến thể tái phát. - Biến thể nặng. - Biến thể nhẹ. - Biến thể cấp. - Biến thể không đặc hiệu.', 3),
('BENH432', N'Viêm thanh quản cấp chưa rõ nguyên nhân mạn nhẹ', N'khàn tiếng, ho, đau họng', N'Viêm thanh quản cấp - Biến thể chưa rõ nguyên nhân. - Biến thể mạn. - Biến thể nhẹ.', 3),
('BENH433', N'Mụn trứng cá tái phát chưa rõ nguyên nhân', N'mụn viêm, mụn đầu đen, da dầu', N'Bệnh da liễu thường gặp - Biến thể tái phát. - Biến thể chưa rõ nguyên nhân.', 3),
('BENH434', N'Béo phì nhẹ mạn mạn chưa rõ nguyên nhân', N'tăng cân, thừa mỡ, khó thở khi vận động', N'Thừa cân/béo phì - Biến thể nhẹ. - Biến thể mạn. - Biến thể mạn. - Biến thể chưa rõ nguyên nhân.', 3),
('BENH435', N'Viêm thanh khí phế quản cấp cấp', N'ho ông ổng, khàn tiếng, khó thở', N'Viêm đường hô hấp trên và dưới - Biến thể cấp. - Biến thể cấp.', 3),
('BENH436', N'Viêm khớp vừa', N'đau khớp, sưng khớp, cứng khớp, hạn chế vận động', N'Tình trạng viêm một hoặc nhiều khớp - Biến thể vừa.', 3),
('BENH437', N'Rối loạn tập trung không đặc hiệu', N'khó tập trung, hay quên, mệt', N'Triệu chứng chức năng thần kinh - Biến thể không đặc hiệu.', 2),
('BENH438', N'Đau đầu migraine không đặc hiệu nhẹ', N'đau đầu một bên, buồn nôn, sợ ánh sáng', N'Migraine - Biến thể không đặc hiệu. - Biến thể nhẹ.', 3),
('BENH439', N'Loãng xương nặng nặng', N'đau lưng, giảm chiều cao, dễ gãy xương', N'Giảm mật độ xương - Biến thể nặng. - Biến thể nặng.', 3),
('BENH440', N'Viêm da tiếp xúc mạn chưa rõ nguyên nhân nặng', N'đỏ da, rát, ngứa, phồng rộp', N'Phản ứng viêm da do tiếp xúc dị nguyên - Biến thể mạn. - Biến thể chưa rõ nguyên nhân. - Biến thể nặng.', 3),
('BENH441', N'Nôn ói nặng cấp nặng', N'buồn nôn, nôn, mệt, chóng mặt', N'Triệu chứng tiêu hóa thường gặp - Biến thể nặng. - Biến thể cấp. - Biến thể nặng.', 2),
('BENH442', N'Béo phì nhẹ vừa chưa rõ nguyên nhân', N'tăng cân, thừa mỡ, khó thở khi vận động', N'Thừa cân/béo phì - Biến thể nhẹ. - Biến thể vừa. - Biến thể chưa rõ nguyên nhân.', 3),
('BENH443', N'Viêm mũi cấp chưa rõ nguyên nhân vừa', N'nghẹt mũi, chảy mũi, hắt hơi', N'Viêm niêm mạc mũi cấp - Biến thể chưa rõ nguyên nhân. - Biến thể vừa.', 3),
('BENH444', N'Viêm bao hoạt dịch cấp nhẹ', N'đau khớp, sưng nóng, hạn chế vận động', N'Viêm túi hoạt dịch quanh khớp - Biến thể cấp. - Biến thể nhẹ.', 3),
('BENH445', N'Viêm da dị ứng nhẹ', N'ngứa da, mẩn đỏ, khô da, rát da', N'Bệnh viêm da mạn tính liên quan cơ địa dị ứng - Biến thể nhẹ.', 3),
('BENH446', N'Nhiễm khuẩn tiết niệu nặng cấp không đặc hiệu tái phát', N'tiểu buốt, tiểu rắt, đau bụng dưới, sốt', N'Nhiễm trùng hệ tiết niệu - Biến thể nặng. - Biến thể cấp. - Biến thể không đặc hiệu. - Biến thể tái phát.', 3),
('BENH447', N'Chảy máu chân răng nhẹ', N'chảy máu lợi, đau nướu', N'Biểu hiện bệnh lý răng lợi - Biến thể nhẹ.', 2),
('BENH448', N'Béo phì nhẹ tái phát nhẹ chưa rõ nguyên nhân', N'tăng cân, thừa mỡ, khó thở khi vận động', N'Thừa cân/béo phì - Biến thể nhẹ. - Biến thể tái phát. - Biến thể nhẹ. - Biến thể chưa rõ nguyên nhân.', 3),
('BENH449', N'Nhiễm khuẩn tiết niệu nặng vừa', N'tiểu buốt, tiểu rắt, đau bụng dưới, sốt', N'Nhiễm trùng hệ tiết niệu - Biến thể nặng. - Biến thể vừa.', 3),
('BENH450', N'Đau vai gáy nhẹ', N'đau cổ vai gáy, cứng cổ, tê tay', N'Đau vùng cổ vai gáy do nhiều nguyên nhân - Biến thể nhẹ.', 3),
('BENH451', N'Tăng đường huyết chưa rõ nguyên nhân nhẹ', N'khát nước, tiểu nhiều, mệt', N'Đường huyết tăng cao hơn bình thường - Biến thể chưa rõ nguyên nhân. - Biến thể nhẹ.', 3),
('BENH452', N'Đái máu cấp nặng tái phát', N'nước tiểu đỏ, đau bụng dưới, tiểu buốt', N'Triệu chứng bất thường đường tiết niệu - Biến thể cấp. - Biến thể nặng. - Biến thể tái phát.', 2),
('BENH453', N'Ù tai mạn cấp', N'ù tai, nghe kém, chóng mặt', N'Triệu chứng tai mũi họng - Biến thể mạn. - Biến thể cấp.', 2),
('BENH454', N'Viêm loét dạ dày tá tràng vừa', N'đau thượng vị, ợ nóng, buồn nôn', N'Tổn thương loét niêm mạc dạ dày tá tràng - Biến thể vừa.', 3),
('BENH455', N'Viêm bàng quang cấp chưa rõ nguyên nhân tái phát', N'tiểu buốt, tiểu rắt, đau hạ vị, sốt nhẹ', N'Viêm nhiễm bàng quang - Biến thể cấp. - Biến thể chưa rõ nguyên nhân. - Biến thể tái phát.', 3),
('BENH456', N'Khàn tiếng vừa nặng chưa rõ nguyên nhân', N'nói khó, giọng khàn, đau họng', N'Triệu chứng thanh quản - Biến thể vừa. - Biến thể nặng. - Biến thể chưa rõ nguyên nhân.', 2),
('BENH457', N'Đau cổ cấp', N'đau cổ, cứng cổ, hạn chế xoay cổ', N'Đau vùng cổ thường gặp - Biến thể cấp.', 3),
('BENH458', N'Cảm cúm không đặc hiệu nặng vừa', N'sốt, ho, sổ mũi, đau đầu', N'Nhiễm siêu vi đường hô hấp trên, điều trị triệu chứng - Biến thể không đặc hiệu. - Biến thể nặng. - Biến thể vừa.', 3),
('BENH459', N'Viêm phổi cộng đồng cấp chưa rõ nguyên nhân', N'sốt, ho, khó thở, đau ngực', N'Nhiễm trùng nhu mô phổi mắc phải cộng đồng - Biến thể cấp. - Biến thể chưa rõ nguyên nhân.', 3),
('BENH460', N'Đau lưng dưới vừa nặng', N'đau thắt lưng, đau lan mông, cứng lưng', N'Đau vùng thắt lưng - Biến thể vừa. - Biến thể nặng.', 3),
('BENH461', N'Sâu răng cấp', N'đau răng, ê buốt, lỗ sâu răng', N'Tổn thương cấu trúc răng do vi khuẩn - Biến thể cấp.', 3),
('BENH462', N'Trật khớp không đặc hiệu chưa rõ nguyên nhân', N'đau dữ dội, biến dạng khớp, hạn chế vận động', N'Khớp lệch khỏi vị trí bình thường - Biến thể không đặc hiệu. - Biến thể chưa rõ nguyên nhân.', 3),
('BENH463', N'Đau lưng trên mạn chưa rõ nguyên nhân', N'đau lưng, căng cơ, mỏi vai', N'Đau vùng lưng trên - Biến thể mạn. - Biến thể chưa rõ nguyên nhân.', 3),
('BENH464', N'Thiếu máu cấp', N'mệt, hoa mắt, chóng mặt, da xanh', N'Giảm hemoglobin hoặc hồng cầu - Biến thể cấp.', 3),
('BENH465', N'Viêm thận - bể thận tái phát', N'sốt cao, đau hông lưng, tiểu buốt', N'Nhiễm trùng đường tiết niệu lên thận - Biến thể tái phát.', 3),
('BENH466', N'Viêm niệu đạo cấp cấp vừa vừa', N'tiểu buốt, tiểu rắt, ngứa niệu đạo', N'Viêm đường niệu đạo - Biến thể cấp. - Biến thể cấp. - Biến thể vừa. - Biến thể vừa.', 3),
('BENH467', N'Dị ứng không đặc hiệu', N'ngứa, nổi mề đay, hắt hơi, chảy nước mắt', N'Phản ứng quá mẫn của cơ thể với dị nguyên - Biến thể không đặc hiệu.', 3),
('BENH468', N'Nôn ói nặng không đặc hiệu nhẹ', N'buồn nôn, nôn, mệt, chóng mặt', N'Triệu chứng tiêu hóa thường gặp - Biến thể nặng. - Biến thể không đặc hiệu. - Biến thể nhẹ.', 2),
('BENH469', N'Bong gân cấp không đặc hiệu', N'sưng đau, hạn chế vận động, bầm tím', N'Tổn thương dây chằng do chấn thương - Biến thể cấp. - Biến thể không đặc hiệu.', 3),
('BENH470', N'Gan nhiễm mỡ nhẹ chưa rõ nguyên nhân', N'mệt, nặng tức hạ sườn phải', N'Tích tụ mỡ trong gan - Biến thể nhẹ. - Biến thể chưa rõ nguyên nhân.', 3),
('BENH471', N'Chấn thương phần mềm mạn nhẹ không đặc hiệu', N'sưng đau, bầm tím, đau khi vận động', N'Tổn thương cơ, gân, dây chằng - Biến thể mạn. - Biến thể nhẹ. - Biến thể không đặc hiệu.', 3),
('BENH472', N'Loãng xương nặng cấp', N'đau lưng, giảm chiều cao, dễ gãy xương', N'Giảm mật độ xương - Biến thể nặng. - Biến thể cấp.', 3),
('BENH473', N'Rối loạn lipid máu nhẹ tái phát nhẹ', N'mỡ máu cao, thừa cân, ít triệu chứng', N'Rối loạn chuyển hóa chất béo trong máu - Biến thể nhẹ. - Biến thể tái phát. - Biến thể nhẹ.', 3),
('BENH474', N'Gan nhiễm mỡ không đặc hiệu mạn', N'mệt, nặng tức hạ sườn phải', N'Tích tụ mỡ trong gan - Biến thể không đặc hiệu. - Biến thể mạn.', 3),
('BENH475', N'Tiểu đêm nhẹ', N'đi tiểu nhiều về đêm, mất ngủ, mệt', N'Triệu chứng thường gặp ở người lớn tuổi - Biến thể nhẹ.', 2),
('BENH476', N'Suy thận cấp mạn', N'tiểu ít, phù, mệt, buồn nôn', N'Suy giảm chức năng thận cấp tính - Biến thể mạn.', 3),
('BENH477', N'Tiểu đêm cấp', N'đi tiểu nhiều về đêm, mất ngủ, mệt', N'Triệu chứng thường gặp ở người lớn tuổi - Biến thể cấp.', 2),
('BENH478', N'Loãng xương tái phát chưa rõ nguyên nhân', N'đau lưng, giảm chiều cao, dễ gãy xương', N'Giảm mật độ xương - Biến thể tái phát. - Biến thể chưa rõ nguyên nhân.', 3),
('BENH479', N'Nhiễm khuẩn tiết niệu nặng cấp mạn cấp mạn chưa rõ nguyên nhân', N'tiểu buốt, tiểu rắt, đau bụng dưới, sốt', N'Nhiễm trùng hệ tiết niệu - Biến thể nặng. - Biến thể cấp. - Biến thể mạn. - Biến thể cấp. - Biến thể mạn. - Biến thể chưa rõ nguyên nhân.', 3),
('BENH480', N'Viêm da tiếp xúc mạn cấp', N'đỏ da, rát, ngứa, phồng rộp', N'Phản ứng viêm da do tiếp xúc dị nguyên - Biến thể mạn. - Biến thể cấp.', 3),
('BENH481', N'Đau đầu migraine vừa', N'đau đầu một bên, buồn nôn, sợ ánh sáng', N'Migraine - Biến thể vừa.', 3),
('BENH482', N'Loãng xương nặng nhẹ không đặc hiệu vừa', N'đau lưng, giảm chiều cao, dễ gãy xương', N'Giảm mật độ xương - Biến thể nặng. - Biến thể nhẹ. - Biến thể không đặc hiệu. - Biến thể vừa.', 3),
('BENH483', N'Đau đầu căng thẳng không đặc hiệu chưa rõ nguyên nhân', N'đau đầu, căng cổ, mệt, khó tập trung', N'Đau đầu do căng thẳng - Biến thể không đặc hiệu. - Biến thể chưa rõ nguyên nhân.', 3),
('BENH484', N'Thừa cân nhẹ', N'tăng cân, BMI cao, mệt khi vận động', N'Cân nặng cao hơn mức khuyến nghị - Biến thể nhẹ.', 3),
('BENH485', N'Gan nhiễm mỡ không đặc hiệu mạn vừa', N'mệt, nặng tức hạ sườn phải', N'Tích tụ mỡ trong gan - Biến thể không đặc hiệu. - Biến thể mạn. - Biến thể vừa.', 3),
('BENH486', N'Đầy hơi nặng tái phát cấp nhẹ', N'bụng chướng, ợ hơi, khó chịu, chán ăn', N'Triệu chứng rối loạn tiêu hóa thường gặp - Biến thể nặng. - Biến thể tái phát. - Biến thể cấp. - Biến thể nhẹ.', 2),
('BENH487', N'Nôn ói nặng cấp mạn', N'buồn nôn, nôn, mệt, chóng mặt', N'Triệu chứng tiêu hóa thường gặp - Biến thể nặng. - Biến thể cấp. - Biến thể mạn.', 2),
('BENH488', N'Khàn tiếng vừa mạn tái phát nhẹ', N'nói khó, giọng khàn, đau họng', N'Triệu chứng thanh quản - Biến thể vừa. - Biến thể mạn. - Biến thể tái phát. - Biến thể nhẹ.', 2),
('BENH489', N'Loãng xương không đặc hiệu không đặc hiệu tái phát', N'đau lưng, giảm chiều cao, dễ gãy xương', N'Giảm mật độ xương - Biến thể không đặc hiệu. - Biến thể không đặc hiệu. - Biến thể tái phát.', 3),
('BENH490', N'Viêm niệu đạo cấp cấp vừa vừa vừa', N'tiểu buốt, tiểu rắt, ngứa niệu đạo', N'Viêm đường niệu đạo - Biến thể cấp. - Biến thể cấp. - Biến thể vừa. - Biến thể vừa. - Biến thể vừa.', 3),
('BENH491', N'Đau răng chưa rõ nguyên nhân tái phát', N'đau răng, ê buốt, sưng nướu', N'Đau liên quan răng và mô quanh răng - Biến thể chưa rõ nguyên nhân. - Biến thể tái phát.', 3),
('BENH492', N'Thừa cân cấp', N'tăng cân, BMI cao, mệt khi vận động', N'Cân nặng cao hơn mức khuyến nghị - Biến thể cấp.', 3),
('BENH493', N'Phù vừa', N'sưng chân, mặt, tăng cân nhanh', N'Giữ nước do nhiều nguyên nhân - Biến thể vừa.', 2),
('BENH494', N'Béo phì nhẹ không đặc hiệu vừa', N'tăng cân, thừa mỡ, khó thở khi vận động', N'Thừa cân/béo phì - Biến thể nhẹ. - Biến thể không đặc hiệu. - Biến thể vừa.', 3),
('BENH495', N'Béo phì không đặc hiệu mạn', N'tăng cân, thừa mỡ, khó thở khi vận động', N'Thừa cân/béo phì - Biến thể không đặc hiệu. - Biến thể mạn.', 3),
('BENH496', N'COVID-19 nặng không đặc hiệu cấp không đặc hiệu', N'sốt, ho, đau họng, mất mùi vị', N'Bệnh nhiễm virus SARS-CoV-2 - Biến thể nặng. - Biến thể không đặc hiệu. - Biến thể cấp. - Biến thể không đặc hiệu.', 3),
('BENH497', N'Đau đầu căng thẳng không đặc hiệu chưa rõ nguyên nhân vừa', N'đau đầu, căng cổ, mệt, khó tập trung', N'Đau đầu do căng thẳng - Biến thể không đặc hiệu. - Biến thể chưa rõ nguyên nhân. - Biến thể vừa.', 3),
('BENH498', N'Đái máu cấp chưa rõ nguyên nhân chưa rõ nguyên nhân', N'nước tiểu đỏ, đau bụng dưới, tiểu buốt', N'Triệu chứng bất thường đường tiết niệu - Biến thể cấp. - Biến thể chưa rõ nguyên nhân. - Biến thể chưa rõ nguyên nhân.', 2),
('BENH499', N'Viêm tai ngoài nặng nhẹ cấp', N'đau tai, ngứa tai, chảy dịch', N'Viêm ống tai ngoài - Biến thể nặng. - Biến thể nhẹ. - Biến thể cấp.', 3),
('BENH500', N'Khàn tiếng vừa nặng chưa rõ nguyên nhân không đặc hiệu', N'nói khó, giọng khàn, đau họng', N'Triệu chứng thanh quản - Biến thể vừa. - Biến thể nặng. - Biến thể chưa rõ nguyên nhân. - Biến thể không đặc hiệu.', 2);
GO

INSERT INTO DANHMUC_THUOC (MaDanhMuc, TenDanhMuc, MoTa) VALUES
('DM001', N'Bù nước - điện giải', N'Nhóm thuốc Bù nước - điện giải'),
('DM002', N'Cơ xương khớp', N'Nhóm thuốc Cơ xương khớp'),
('DM003', N'Da liễu', N'Nhóm thuốc Da liễu'),
('DM004', N'Dạ dày - tiêu hóa', N'Nhóm thuốc Dạ dày - tiêu hóa'),
('DM005', N'Giảm đau hạ sốt', N'Nhóm thuốc Giảm đau hạ sốt'),
('DM006', N'Hô hấp', N'Nhóm thuốc Hô hấp'),
('DM007', N'Kháng histamin', N'Nhóm thuốc Kháng histamin'),
('DM008', N'Kháng sinh', N'Nhóm thuốc Kháng sinh'),
('DM009', N'Nội tiết - chuyển hóa', N'Nhóm thuốc Nội tiết - chuyển hóa'),
('DM010', N'Thần kinh - tâm lý', N'Nhóm thuốc Thần kinh - tâm lý'),
('DM011', N'Tim mạch', N'Nhóm thuốc Tim mạch');
GO

INSERT INTO DANHMUC_HOATCHAT (MaHoatChat, TenHoatChat, MoTa) VALUES
('HC001', N'Paracetamol', N'Hoạt chất Paracetamol'),
('HC002', N'Amoxicillin', N'Hoạt chất Amoxicillin'),
('HC003', N'Cefixime', N'Hoạt chất Cefixime'),
('HC004', N'Azithromycin', N'Hoạt chất Azithromycin'),
('HC005', N'Cetirizine', N'Hoạt chất Cetirizine'),
('HC006', N'Loratadine', N'Hoạt chất Loratadine'),
('HC007', N'Omeprazole', N'Hoạt chất Omeprazole'),
('HC008', N'Pantoprazole', N'Hoạt chất Pantoprazole'),
('HC009', N'Metformin', N'Hoạt chất Metformin'),
('HC010', N'Gliclazide', N'Hoạt chất Gliclazide'),
('HC011', N'Amlodipine', N'Hoạt chất Amlodipine'),
('HC012', N'Losartan', N'Hoạt chất Losartan'),
('HC013', N'Ibuprofen', N'Hoạt chất Ibuprofen'),
('HC014', N'Diclofenac', N'Hoạt chất Diclofenac'),
('HC015', N'Salbutamol', N'Hoạt chất Salbutamol'),
('HC016', N'Bromhexine', N'Hoạt chất Bromhexine'),
('HC017', N'Acetylcysteine', N'Hoạt chất Acetylcysteine'),
('HC018', N'ORS', N'Hoạt chất ORS'),
('HC019', N'Melatonin', N'Hoạt chất Melatonin'),
('HC020', N'Clotrimazole', N'Hoạt chất Clotrimazole'),
('HC021', N'Dextromethorphan', N'Hoạt chất Dextromethorphan'),
('HC022', N'Domperidone', N'Hoạt chất Domperidone'),
('HC023', N'Captopril', N'Hoạt chất Captopril'),
('HC024', N'Insulin', N'Hoạt chất Insulin'),
('HC025', N'Levofloxacin', N'Hoạt chất Levofloxacin'),
('HC026', N'Ciprofloxacin', N'Hoạt chất Ciprofloxacin'),
('HC027', N'Fexofenadine', N'Hoạt chất Fexofenadine'),
('HC028', N'Esomeprazole', N'Hoạt chất Esomeprazole'),
('HC029', N'Budesonide', N'Hoạt chất Budesonide'),
('HC030', N'Naproxen', N'Hoạt chất Naproxen');
GO

INSERT INTO THUOC (MaThuoc, TenThuoc, QuyCach, DonViCoBan, MaLoaiThuoc, DuongDung, GiaBan, CoBHYT, MaNSX, TrangThai) VALUES
('T001', N'Paracetamol 500mg', N'Hộp 10 vỉ x 10 viên', N'Viên', 'DM005', N'Uống', 12000, 1, NULL, 1),
('T002', N'Amoxicillin 500mg', N'Hộp 10 vỉ x 10 viên', N'Viên', 'DM008', N'Uống', 45000, 1, NULL, 1),
('T003', N'Cefixime 200mg', N'Hộp 10 vỉ x 10 viên', N'Viên', 'DM008', N'Uống', 78000, 1, NULL, 1),
('T004', N'Azithromycin 500mg', N'Hộp 10 vỉ x 10 viên', N'Viên', 'DM008', N'Uống', 65000, 1, NULL, 1),
('T005', N'Cetirizine 10mg', N'Hộp 10 vỉ x 10 viên', N'Viên', 'DM007', N'Uống', 25000, 1, NULL, 1),
('T006', N'Loratadine 10mg', N'Hộp 10 vỉ x 10 viên', N'Viên', 'DM007', N'Uống', 22000, 1, NULL, 1),
('T007', N'Omeprazole 20mg', N'Hộp 10 vỉ x 10 viên', N'Viên', 'DM004', N'Uống', 30000, 1, NULL, 1),
('T008', N'Pantoprazole 40mg', N'Hộp 10 vỉ x 10 viên', N'Viên', 'DM004', N'Uống', 42000, 1, NULL, 1),
('T009', N'Metformin 500mg', N'Hộp 10 vỉ x 10 viên', N'Viên', 'DM009', N'Uống', 38000, 1, NULL, 1),
('T010', N'Gliclazide 80mg', N'Hộp 10 vỉ x 10 viên', N'Viên', 'DM009', N'Uống', 50000, 1, NULL, 1),
('T011', N'Amlodipine 5mg', N'Hộp 10 vỉ x 10 viên', N'Viên', 'DM011', N'Uống', 27000, 1, NULL, 1),
('T012', N'Losartan 50mg', N'Hộp 10 vỉ x 10 viên', N'Viên', 'DM011', N'Uống', 33000, 1, NULL, 1),
('T013', N'Ibuprofen 400mg', N'Hộp 10 vỉ x 10 viên', N'Viên', 'DM002', N'Uống', 26000, 1, NULL, 1),
('T014', N'Diclofenac 50mg', N'Hộp 10 vỉ x 10 viên', N'Viên', 'DM002', N'Uống', 29000, 1, NULL, 1),
('T015', N'Salbutamol 2mg', N'Hộp 10 vỉ x 10 viên', N'Viên', 'DM006', N'Uống', 24000, 1, NULL, 1),
('T016', N'Bromhexine 8mg', N'Hộp 10 vỉ x 10 viên', N'Viên', 'DM006', N'Uống', 21000, 1, NULL, 1),
('T017', N'Acetylcysteine 200mg', N'Hộp 10 vỉ x 10 viên', N'Gói', 'DM006', N'Uống', 35000, 1, NULL, 1),
('T018', N'ORS 1 gói', N'Hộp 10 vỉ x 10 viên', N'Gói', 'DM001', N'Uống', 18000, 1, NULL, 1),
('T019', N'Melatonin 3mg', N'Hộp 10 vỉ x 10 viên', N'Viên', 'DM010', N'Uống', 58000, 0, NULL, 1),
('T020', N'Clotrimazole 1%', N'Hộp 10 vỉ x 10 viên', N'Tuýp', 'DM003', N'Bôi ngoài da', 31000, 0, NULL, 1),
('T021', N'Dextromethorphan 15mg', N'Hộp 10 vỉ x 10 viên', N'Viên', 'DM006', N'Uống', 28000, 1, NULL, 1),
('T022', N'Domperidone 10mg', N'Hộp 10 vỉ x 10 viên', N'Viên', 'DM004', N'Uống', 26000, 1, NULL, 1),
('T023', N'Captopril 25mg', N'Hộp 10 vỉ x 10 viên', N'Viên', 'DM011', N'Uống', 23000, 1, NULL, 1),
('T024', N'Insulin 100IU/ml', N'Hộp 10 vỉ x 10 viên', N'Ống', 'DM009', N'Tiêm', 125000, 1, NULL, 1),
('T025', N'Levofloxacin 500mg', N'Hộp 10 vỉ x 10 viên', N'Viên', 'DM008', N'Uống', 92000, 1, NULL, 1),
('T026', N'Ciprofloxacin 500mg', N'Hộp 10 vỉ x 10 viên', N'Viên', 'DM008', N'Uống', 64000, 1, NULL, 1),
('T027', N'Fexofenadine 120mg', N'Hộp 10 vỉ x 10 viên', N'Viên', 'DM007', N'Uống', 39000, 1, NULL, 1),
('T028', N'Esomeprazole 20mg', N'Hộp 10 vỉ x 10 viên', N'Viên', 'DM004', N'Uống', 55000, 1, NULL, 1),
('T029', N'Budesonide 200mcg', N'Hộp 10 vỉ x 10 viên', N'Ống', 'DM006', N'Khí dung', 86000, 1, NULL, 1),
('T030', N'Naproxen 250mg', N'Hộp 10 vỉ x 10 viên', N'Viên', 'DM002', N'Uống', 34000, 1, NULL, 1),
('T031', N'Paracetamol 500mg 2', N'Hộp 10 vỉ x 10 viên', N'Chai', 'DM005', N'Tiêm', 13500, 1, NULL, 1),
('T032', N'Amoxicillin 500mg 2', N'Hộp 10 vỉ x 10 viên', N'Chai', 'DM008', N'Xịt mũi', 46500, 1, NULL, 1),
('T033', N'Cefixime 200mg 2', N'Hộp 10 vỉ x 10 viên', N'Viên', 'DM008', N'Uống', 79500, 1, NULL, 1),
('T034', N'Azithromycin 500mg 2', N'Hộp 10 vỉ x 10 viên', N'Ống', 'DM008', N'Bôi ngoài da', 66500, 1, NULL, 1),
('T035', N'Cetirizine 10mg 2', N'Hộp 10 vỉ x 10 viên', N'Tuýp', 'DM007', N'Xịt mũi', 26500, 1, NULL, 1),
('T036', N'Loratadine 10mg 2', N'Hộp 10 vỉ x 10 viên', N'Ống', 'DM007', N'Uống', 23500, 1, NULL, 1),
('T037', N'Omeprazole 20mg 2', N'Hộp 10 vỉ x 10 viên', N'Tuýp', 'DM004', N'Ngậm', 31500, 1, NULL, 1),
('T038', N'Pantoprazole 40mg 2', N'Hộp 10 vỉ x 10 viên', N'Gói', 'DM004', N'Uống', 43500, 1, NULL, 1),
('T039', N'Metformin 500mg 2', N'Hộp 10 vỉ x 10 viên', N'Tuýp', 'DM009', N'Khí dung', 39500, 1, NULL, 1),
('T040', N'Gliclazide 80mg 2', N'Hộp 10 vỉ x 10 viên', N'Lọ', 'DM009', N'Tiêm', 51500, 1, NULL, 1),
('T041', N'Amlodipine 5mg 2', N'Hộp 10 vỉ x 10 viên', N'Gói', 'DM011', N'Ngậm', 28500, 1, NULL, 1),
('T042', N'Losartan 50mg 2', N'Hộp 10 vỉ x 10 viên', N'Lọ', 'DM011', N'Xịt mũi', 34500, 1, NULL, 1),
('T043', N'Ibuprofen 400mg 2', N'Hộp 10 vỉ x 10 viên', N'Lọ', 'DM002', N'Tiêm', 27500, 1, NULL, 1),
('T044', N'Diclofenac 50mg 2', N'Hộp 10 vỉ x 10 viên', N'Lọ', 'DM002', N'Uống', 30500, 1, NULL, 1),
('T045', N'Salbutamol 2mg 2', N'Hộp 10 vỉ x 10 viên', N'Lọ', 'DM006', N'Ngậm', 25500, 1, NULL, 1),
('T046', N'Bromhexine 8mg 2', N'Hộp 10 vỉ x 10 viên', N'Chai', 'DM006', N'Ngậm', 22500, 1, NULL, 1),
('T047', N'Acetylcysteine 200mg 2', N'Hộp 10 vỉ x 10 viên', N'Viên', 'DM006', N'Tiêm', 36500, 1, NULL, 1),
('T048', N'ORS 1 gói 2', N'Hộp 10 vỉ x 10 viên', N'Chai', 'DM001', N'Bôi ngoài da', 19500, 1, NULL, 1),
('T049', N'Melatonin 3mg 2', N'Hộp 10 vỉ x 10 viên', N'Ống', 'DM010', N'Khí dung', 59500, 0, NULL, 1),
('T050', N'Clotrimazole 1% 2', N'Hộp 10 vỉ x 10 viên', N'Chai', 'DM003', N'Khí dung', 32500, 0, NULL, 1),
('T051', N'Dextromethorphan 15mg 2', N'Hộp 10 vỉ x 10 viên', N'Lọ', 'DM006', N'Tiêm', 29500, 1, NULL, 1),
('T052', N'Domperidone 10mg 2', N'Hộp 10 vỉ x 10 viên', N'Viên', 'DM004', N'Xịt mũi', 27500, 1, NULL, 1),
('T053', N'Captopril 25mg 2', N'Hộp 10 vỉ x 10 viên', N'Viên', 'DM011', N'Khí dung', 24500, 1, NULL, 1),
('T054', N'Insulin 100IU/ml 2', N'Hộp 10 vỉ x 10 viên', N'Chai', 'DM009', N'Ngậm', 126500, 1, NULL, 1),
('T055', N'Levofloxacin 500mg 2', N'Hộp 10 vỉ x 10 viên', N'Viên', 'DM008', N'Ngậm', 93500, 1, NULL, 1),
('T056', N'Ciprofloxacin 500mg 2', N'Hộp 10 vỉ x 10 viên', N'Tuýp', 'DM008', N'Khí dung', 65500, 1, NULL, 1),
('T057', N'Fexofenadine 120mg 2', N'Hộp 10 vỉ x 10 viên', N'Ống', 'DM007', N'Uống', 40500, 1, NULL, 1),
('T058', N'Esomeprazole 20mg 2', N'Hộp 10 vỉ x 10 viên', N'Lọ', 'DM004', N'Xịt mũi', 56500, 1, NULL, 1),
('T059', N'Budesonide 200mcg 2', N'Hộp 10 vỉ x 10 viên', N'Viên', 'DM006', N'Khí dung', 87500, 1, NULL, 1),
('T060', N'Naproxen 250mg 2', N'Hộp 10 vỉ x 10 viên', N'Tuýp', 'DM002', N'Bôi ngoài da', 35500, 1, NULL, 1),
('T061', N'Paracetamol 500mg 3', N'Hộp 10 vỉ x 10 viên', N'Tuýp', 'DM005', N'Ngậm', 15000, 1, NULL, 1),
('T062', N'Amoxicillin 500mg 3', N'Hộp 10 vỉ x 10 viên', N'Ống', 'DM008', N'Khí dung', 48000, 1, NULL, 1),
('T063', N'Cefixime 200mg 3', N'Hộp 10 vỉ x 10 viên', N'Viên', 'DM008', N'Khí dung', 81000, 1, NULL, 1),
('T064', N'Azithromycin 500mg 3', N'Hộp 10 vỉ x 10 viên', N'Chai', 'DM008', N'Bôi ngoài da', 68000, 1, NULL, 1),
('T065', N'Cetirizine 10mg 3', N'Hộp 10 vỉ x 10 viên', N'Gói', 'DM007', N'Xịt mũi', 28000, 1, NULL, 1),
('T066', N'Loratadine 10mg 3', N'Hộp 10 vỉ x 10 viên', N'Lọ', 'DM007', N'Ngậm', 25000, 1, NULL, 1),
('T067', N'Omeprazole 20mg 3', N'Hộp 10 vỉ x 10 viên', N'Lọ', 'DM004', N'Tiêm', 33000, 1, NULL, 1),
('T068', N'Pantoprazole 40mg 3', N'Hộp 10 vỉ x 10 viên', N'Viên', 'DM004', N'Uống', 45000, 1, NULL, 1),
('T069', N'Metformin 500mg 3', N'Hộp 10 vỉ x 10 viên', N'Tuýp', 'DM009', N'Tiêm', 41000, 1, NULL, 1),
('T070', N'Gliclazide 80mg 3', N'Hộp 10 vỉ x 10 viên', N'Ống', 'DM009', N'Bôi ngoài da', 53000, 1, NULL, 1),
('T071', N'Amlodipine 5mg 3', N'Hộp 10 vỉ x 10 viên', N'Chai', 'DM011', N'Bôi ngoài da', 30000, 1, NULL, 1),
('T072', N'Losartan 50mg 3', N'Hộp 10 vỉ x 10 viên', N'Viên', 'DM011', N'Xịt mũi', 36000, 1, NULL, 1),
('T073', N'Ibuprofen 400mg 3', N'Hộp 10 vỉ x 10 viên', N'Lọ', 'DM002', N'Xịt mũi', 29000, 1, NULL, 1),
('T074', N'Diclofenac 50mg 3', N'Hộp 10 vỉ x 10 viên', N'Gói', 'DM002', N'Uống', 32000, 1, NULL, 1),
('T075', N'Salbutamol 2mg 3', N'Hộp 10 vỉ x 10 viên', N'Lọ', 'DM006', N'Uống', 27000, 1, NULL, 1),
('T076', N'Bromhexine 8mg 3', N'Hộp 10 vỉ x 10 viên', N'Ống', 'DM006', N'Uống', 24000, 1, NULL, 1),
('T077', N'Acetylcysteine 200mg 3', N'Hộp 10 vỉ x 10 viên', N'Lọ', 'DM006', N'Bôi ngoài da', 38000, 1, NULL, 1),
('T078', N'ORS 1 gói 3', N'Hộp 10 vỉ x 10 viên', N'Chai', 'DM001', N'Tiêm', 21000, 1, NULL, 1),
('T079', N'Melatonin 3mg 3', N'Hộp 10 vỉ x 10 viên', N'Ống', 'DM010', N'Xịt mũi', 61000, 0, NULL, 1),
('T080', N'Clotrimazole 1% 3', N'Hộp 10 vỉ x 10 viên', N'Lọ', 'DM003', N'Ngậm', 34000, 0, NULL, 1),
('T081', N'Dextromethorphan 15mg 3', N'Hộp 10 vỉ x 10 viên', N'Lọ', 'DM006', N'Khí dung', 31000, 1, NULL, 1),
('T082', N'Domperidone 10mg 3', N'Hộp 10 vỉ x 10 viên', N'Lọ', 'DM004', N'Bôi ngoài da', 29000, 1, NULL, 1),
('T083', N'Captopril 25mg 3', N'Hộp 10 vỉ x 10 viên', N'Gói', 'DM011', N'Xịt mũi', 26000, 1, NULL, 1),
('T084', N'Insulin 100IU/ml 3', N'Hộp 10 vỉ x 10 viên', N'Gói', 'DM009', N'Khí dung', 128000, 1, NULL, 1),
('T085', N'Levofloxacin 500mg 3', N'Hộp 10 vỉ x 10 viên', N'Tuýp', 'DM008', N'Xịt mũi', 95000, 1, NULL, 1),
('T086', N'Ciprofloxacin 500mg 3', N'Hộp 10 vỉ x 10 viên', N'Gói', 'DM008', N'Tiêm', 67000, 1, NULL, 1),
('T087', N'Fexofenadine 120mg 3', N'Hộp 10 vỉ x 10 viên', N'Chai', 'DM007', N'Uống', 42000, 1, NULL, 1),
('T088', N'Esomeprazole 20mg 3', N'Hộp 10 vỉ x 10 viên', N'Chai', 'DM004', N'Khí dung', 58000, 1, NULL, 1),
('T089', N'Budesonide 200mcg 3', N'Hộp 10 vỉ x 10 viên', N'Chai', 'DM006', N'Xịt mũi', 89000, 1, NULL, 1),
('T090', N'Naproxen 250mg 3', N'Hộp 10 vỉ x 10 viên', N'Chai', 'DM002', N'Uống', 37000, 1, NULL, 1),
('T091', N'Paracetamol 500mg 4', N'Hộp 10 vỉ x 10 viên', N'Chai', 'DM005', N'Tiêm', 16500, 1, NULL, 1),
('T092', N'Amoxicillin 500mg 4', N'Hộp 10 vỉ x 10 viên', N'Tuýp', 'DM008', N'Xịt mũi', 49500, 1, NULL, 1),
('T093', N'Cefixime 200mg 4', N'Hộp 10 vỉ x 10 viên', N'Lọ', 'DM008', N'Tiêm', 82500, 1, NULL, 1),
('T094', N'Azithromycin 500mg 4', N'Hộp 10 vỉ x 10 viên', N'Lọ', 'DM008', N'Bôi ngoài da', 69500, 1, NULL, 1),
('T095', N'Cetirizine 10mg 4', N'Hộp 10 vỉ x 10 viên', N'Lọ', 'DM007', N'Xịt mũi', 29500, 1, NULL, 1),
('T096', N'Loratadine 10mg 4', N'Hộp 10 vỉ x 10 viên', N'Chai', 'DM007', N'Ngậm', 26500, 1, NULL, 1),
('T097', N'Omeprazole 20mg 4', N'Hộp 10 vỉ x 10 viên', N'Tuýp', 'DM004', N'Xịt mũi', 34500, 1, NULL, 1),
('T098', N'Pantoprazole 40mg 4', N'Hộp 10 vỉ x 10 viên', N'Lọ', 'DM004', N'Khí dung', 46500, 1, NULL, 1),
('T099', N'Metformin 500mg 4', N'Hộp 10 vỉ x 10 viên', N'Gói', 'DM009', N'Ngậm', 42500, 1, NULL, 1),
('T100', N'Gliclazide 80mg 4', N'Hộp 10 vỉ x 10 viên', N'Gói', 'DM009', N'Tiêm', 54500, 1, NULL, 1),
('T101', N'Amlodipine 5mg 4', N'Hộp 10 vỉ x 10 viên', N'Lọ', 'DM011', N'Xịt mũi', 31500, 1, NULL, 1),
('T102', N'Losartan 50mg 4', N'Hộp 10 vỉ x 10 viên', N'Lọ', 'DM011', N'Bôi ngoài da', 37500, 1, NULL, 1),
('T103', N'Ibuprofen 400mg 4', N'Hộp 10 vỉ x 10 viên', N'Chai', 'DM002', N'Uống', 30500, 1, NULL, 1),
('T104', N'Diclofenac 50mg 4', N'Hộp 10 vỉ x 10 viên', N'Lọ', 'DM002', N'Tiêm', 33500, 1, NULL, 1),
('T105', N'Salbutamol 2mg 4', N'Hộp 10 vỉ x 10 viên', N'Lọ', 'DM006', N'Tiêm', 28500, 1, NULL, 1),
('T106', N'Bromhexine 8mg 4', N'Hộp 10 vỉ x 10 viên', N'Ống', 'DM006', N'Khí dung', 25500, 1, NULL, 1),
('T107', N'Acetylcysteine 200mg 4', N'Hộp 10 vỉ x 10 viên', N'Gói', 'DM006', N'Tiêm', 39500, 1, NULL, 1),
('T108', N'ORS 1 gói 4', N'Hộp 10 vỉ x 10 viên', N'Viên', 'DM001', N'Khí dung', 22500, 1, NULL, 1),
('T109', N'Melatonin 3mg 4', N'Hộp 10 vỉ x 10 viên', N'Tuýp', 'DM010', N'Bôi ngoài da', 62500, 0, NULL, 1),
('T110', N'Clotrimazole 1% 4', N'Hộp 10 vỉ x 10 viên', N'Chai', 'DM003', N'Xịt mũi', 35500, 0, NULL, 1),
('T111', N'Dextromethorphan 15mg 4', N'Hộp 10 vỉ x 10 viên', N'Lọ', 'DM006', N'Uống', 32500, 1, NULL, 1),
('T112', N'Domperidone 10mg 4', N'Hộp 10 vỉ x 10 viên', N'Tuýp', 'DM004', N'Uống', 30500, 1, NULL, 1),
('T113', N'Captopril 25mg 4', N'Hộp 10 vỉ x 10 viên', N'Viên', 'DM011', N'Khí dung', 27500, 1, NULL, 1),
('T114', N'Insulin 100IU/ml 4', N'Hộp 10 vỉ x 10 viên', N'Gói', 'DM009', N'Tiêm', 129500, 1, NULL, 1),
('T115', N'Levofloxacin 500mg 4', N'Hộp 10 vỉ x 10 viên', N'Ống', 'DM008', N'Khí dung', 96500, 1, NULL, 1),
('T116', N'Ciprofloxacin 500mg 4', N'Hộp 10 vỉ x 10 viên', N'Viên', 'DM008', N'Bôi ngoài da', 68500, 1, NULL, 1),
('T117', N'Fexofenadine 120mg 4', N'Hộp 10 vỉ x 10 viên', N'Chai', 'DM007', N'Khí dung', 43500, 1, NULL, 1),
('T118', N'Esomeprazole 20mg 4', N'Hộp 10 vỉ x 10 viên', N'Tuýp', 'DM004', N'Ngậm', 59500, 1, NULL, 1),
('T119', N'Budesonide 200mcg 4', N'Hộp 10 vỉ x 10 viên', N'Lọ', 'DM006', N'Tiêm', 90500, 1, NULL, 1),
('T120', N'Naproxen 250mg 4', N'Hộp 10 vỉ x 10 viên', N'Viên', 'DM002', N'Tiêm', 38500, 1, NULL, 1),
('T121', N'Paracetamol 500mg 5', N'Hộp 10 vỉ x 10 viên', N'Ống', 'DM005', N'Ngậm', 18000, 1, NULL, 1),
('T122', N'Amoxicillin 500mg 5', N'Hộp 10 vỉ x 10 viên', N'Lọ', 'DM008', N'Xịt mũi', 51000, 1, NULL, 1),
('T123', N'Cefixime 200mg 5', N'Hộp 10 vỉ x 10 viên', N'Ống', 'DM008', N'Ngậm', 84000, 1, NULL, 1),
('T124', N'Azithromycin 500mg 5', N'Hộp 10 vỉ x 10 viên', N'Lọ', 'DM008', N'Tiêm', 71000, 1, NULL, 1),
('T125', N'Cetirizine 10mg 5', N'Hộp 10 vỉ x 10 viên', N'Viên', 'DM007', N'Xịt mũi', 31000, 1, NULL, 1),
('T126', N'Loratadine 10mg 5', N'Hộp 10 vỉ x 10 viên', N'Viên', 'DM007', N'Xịt mũi', 28000, 1, NULL, 1),
('T127', N'Omeprazole 20mg 5', N'Hộp 10 vỉ x 10 viên', N'Ống', 'DM004', N'Bôi ngoài da', 36000, 1, NULL, 1),
('T128', N'Pantoprazole 40mg 5', N'Hộp 10 vỉ x 10 viên', N'Chai', 'DM004', N'Tiêm', 48000, 1, NULL, 1),
('T129', N'Metformin 500mg 5', N'Hộp 10 vỉ x 10 viên', N'Ống', 'DM009', N'Bôi ngoài da', 44000, 1, NULL, 1),
('T130', N'Gliclazide 80mg 5', N'Hộp 10 vỉ x 10 viên', N'Lọ', 'DM009', N'Uống', 56000, 1, NULL, 1),
('T131', N'Amlodipine 5mg 5', N'Hộp 10 vỉ x 10 viên', N'Ống', 'DM011', N'Uống', 33000, 1, NULL, 1),
('T132', N'Losartan 50mg 5', N'Hộp 10 vỉ x 10 viên', N'Viên', 'DM011', N'Tiêm', 39000, 1, NULL, 1),
('T133', N'Ibuprofen 400mg 5', N'Hộp 10 vỉ x 10 viên', N'Gói', 'DM002', N'Khí dung', 32000, 1, NULL, 1),
('T134', N'Diclofenac 50mg 5', N'Hộp 10 vỉ x 10 viên', N'Chai', 'DM002', N'Tiêm', 35000, 1, NULL, 1),
('T135', N'Salbutamol 2mg 5', N'Hộp 10 vỉ x 10 viên', N'Viên', 'DM006', N'Uống', 30000, 1, NULL, 1),
('T136', N'Bromhexine 8mg 5', N'Hộp 10 vỉ x 10 viên', N'Viên', 'DM006', N'Ngậm', 27000, 1, NULL, 1),
('T137', N'Acetylcysteine 200mg 5', N'Hộp 10 vỉ x 10 viên', N'Chai', 'DM006', N'Ngậm', 41000, 1, NULL, 1),
('T138', N'ORS 1 gói 5', N'Hộp 10 vỉ x 10 viên', N'Lọ', 'DM001', N'Ngậm', 24000, 1, NULL, 1),
('T139', N'Melatonin 3mg 5', N'Hộp 10 vỉ x 10 viên', N'Gói', 'DM010', N'Bôi ngoài da', 64000, 0, NULL, 1),
('T140', N'Clotrimazole 1% 5', N'Hộp 10 vỉ x 10 viên', N'Lọ', 'DM003', N'Xịt mũi', 37000, 0, NULL, 1),
('T141', N'Dextromethorphan 15mg 5', N'Hộp 10 vỉ x 10 viên', N'Ống', 'DM006', N'Xịt mũi', 34000, 1, NULL, 1),
('T142', N'Domperidone 10mg 5', N'Hộp 10 vỉ x 10 viên', N'Gói', 'DM004', N'Bôi ngoài da', 32000, 1, NULL, 1),
('T143', N'Captopril 25mg 5', N'Hộp 10 vỉ x 10 viên', N'Viên', 'DM011', N'Bôi ngoài da', 29000, 1, NULL, 1),
('T144', N'Insulin 100IU/ml 5', N'Hộp 10 vỉ x 10 viên', N'Lọ', 'DM009', N'Xịt mũi', 131000, 1, NULL, 1),
('T145', N'Levofloxacin 500mg 5', N'Hộp 10 vỉ x 10 viên', N'Ống', 'DM008', N'Xịt mũi', 98000, 1, NULL, 1),
('T146', N'Ciprofloxacin 500mg 5', N'Hộp 10 vỉ x 10 viên', N'Lọ', 'DM008', N'Bôi ngoài da', 70000, 1, NULL, 1),
('T147', N'Fexofenadine 120mg 5', N'Hộp 10 vỉ x 10 viên', N'Gói', 'DM007', N'Xịt mũi', 45000, 1, NULL, 1),
('T148', N'Esomeprazole 20mg 5', N'Hộp 10 vỉ x 10 viên', N'Lọ', 'DM004', N'Bôi ngoài da', 61000, 1, NULL, 1),
('T149', N'Budesonide 200mcg 5', N'Hộp 10 vỉ x 10 viên', N'Chai', 'DM006', N'Tiêm', 92000, 1, NULL, 1),
('T150', N'Naproxen 250mg 5', N'Hộp 10 vỉ x 10 viên', N'Chai', 'DM002', N'Khí dung', 40000, 1, NULL, 1),
('T151', N'Paracetamol 500mg 6', N'Hộp 10 vỉ x 10 viên', N'Viên', 'DM005', N'Tiêm', 19500, 1, NULL, 1),
('T152', N'Amoxicillin 500mg 6', N'Hộp 10 vỉ x 10 viên', N'Chai', 'DM008', N'Khí dung', 52500, 1, NULL, 1),
('T153', N'Cefixime 200mg 6', N'Hộp 10 vỉ x 10 viên', N'Tuýp', 'DM008', N'Tiêm', 85500, 1, NULL, 1),
('T154', N'Azithromycin 500mg 6', N'Hộp 10 vỉ x 10 viên', N'Viên', 'DM008', N'Bôi ngoài da', 72500, 1, NULL, 1),
('T155', N'Cetirizine 10mg 6', N'Hộp 10 vỉ x 10 viên', N'Chai', 'DM007', N'Khí dung', 32500, 1, NULL, 1),
('T156', N'Loratadine 10mg 6', N'Hộp 10 vỉ x 10 viên', N'Chai', 'DM007', N'Xịt mũi', 29500, 1, NULL, 1),
('T157', N'Omeprazole 20mg 6', N'Hộp 10 vỉ x 10 viên', N'Lọ', 'DM004', N'Tiêm', 37500, 1, NULL, 1),
('T158', N'Pantoprazole 40mg 6', N'Hộp 10 vỉ x 10 viên', N'Chai', 'DM004', N'Tiêm', 49500, 1, NULL, 1),
('T159', N'Metformin 500mg 6', N'Hộp 10 vỉ x 10 viên', N'Chai', 'DM009', N'Khí dung', 45500, 1, NULL, 1),
('T160', N'Gliclazide 80mg 6', N'Hộp 10 vỉ x 10 viên', N'Lọ', 'DM009', N'Bôi ngoài da', 57500, 1, NULL, 1),
('T161', N'Amlodipine 5mg 6', N'Hộp 10 vỉ x 10 viên', N'Viên', 'DM011', N'Khí dung', 34500, 1, NULL, 1),
('T162', N'Losartan 50mg 6', N'Hộp 10 vỉ x 10 viên', N'Lọ', 'DM011', N'Bôi ngoài da', 40500, 1, NULL, 1),
('T163', N'Ibuprofen 400mg 6', N'Hộp 10 vỉ x 10 viên', N'Chai', 'DM002', N'Xịt mũi', 33500, 1, NULL, 1),
('T164', N'Diclofenac 50mg 6', N'Hộp 10 vỉ x 10 viên', N'Chai', 'DM002', N'Xịt mũi', 36500, 1, NULL, 1),
('T165', N'Salbutamol 2mg 6', N'Hộp 10 vỉ x 10 viên', N'Chai', 'DM006', N'Tiêm', 31500, 1, NULL, 1),
('T166', N'Bromhexine 8mg 6', N'Hộp 10 vỉ x 10 viên', N'Ống', 'DM006', N'Uống', 28500, 1, NULL, 1),
('T167', N'Acetylcysteine 200mg 6', N'Hộp 10 vỉ x 10 viên', N'Chai', 'DM006', N'Khí dung', 42500, 1, NULL, 1),
('T168', N'ORS 1 gói 6', N'Hộp 10 vỉ x 10 viên', N'Tuýp', 'DM001', N'Uống', 25500, 1, NULL, 1),
('T169', N'Melatonin 3mg 6', N'Hộp 10 vỉ x 10 viên', N'Ống', 'DM010', N'Tiêm', 65500, 0, NULL, 1),
('T170', N'Clotrimazole 1% 6', N'Hộp 10 vỉ x 10 viên', N'Tuýp', 'DM003', N'Uống', 38500, 0, NULL, 1),
('T171', N'Dextromethorphan 15mg 6', N'Hộp 10 vỉ x 10 viên', N'Lọ', 'DM006', N'Tiêm', 35500, 1, NULL, 1),
('T172', N'Domperidone 10mg 6', N'Hộp 10 vỉ x 10 viên', N'Gói', 'DM004', N'Ngậm', 33500, 1, NULL, 1),
('T173', N'Captopril 25mg 6', N'Hộp 10 vỉ x 10 viên', N'Chai', 'DM011', N'Xịt mũi', 30500, 1, NULL, 1),
('T174', N'Insulin 100IU/ml 6', N'Hộp 10 vỉ x 10 viên', N'Ống', 'DM009', N'Bôi ngoài da', 132500, 1, NULL, 1),
('T175', N'Levofloxacin 500mg 6', N'Hộp 10 vỉ x 10 viên', N'Tuýp', 'DM008', N'Bôi ngoài da', 99500, 1, NULL, 1),
('T176', N'Ciprofloxacin 500mg 6', N'Hộp 10 vỉ x 10 viên', N'Ống', 'DM008', N'Ngậm', 71500, 1, NULL, 1),
('T177', N'Fexofenadine 120mg 6', N'Hộp 10 vỉ x 10 viên', N'Ống', 'DM007', N'Tiêm', 46500, 1, NULL, 1),
('T178', N'Esomeprazole 20mg 6', N'Hộp 10 vỉ x 10 viên', N'Gói', 'DM004', N'Tiêm', 62500, 1, NULL, 1),
('T179', N'Budesonide 200mcg 6', N'Hộp 10 vỉ x 10 viên', N'Viên', 'DM006', N'Tiêm', 93500, 1, NULL, 1),
('T180', N'Naproxen 250mg 6', N'Hộp 10 vỉ x 10 viên', N'Ống', 'DM002', N'Tiêm', 41500, 1, NULL, 1),
('T181', N'Paracetamol 500mg 7', N'Hộp 10 vỉ x 10 viên', N'Chai', 'DM005', N'Uống', 21000, 1, NULL, 1),
('T182', N'Amoxicillin 500mg 7', N'Hộp 10 vỉ x 10 viên', N'Viên', 'DM008', N'Khí dung', 54000, 1, NULL, 1),
('T183', N'Cefixime 200mg 7', N'Hộp 10 vỉ x 10 viên', N'Chai', 'DM008', N'Xịt mũi', 87000, 1, NULL, 1),
('T184', N'Azithromycin 500mg 7', N'Hộp 10 vỉ x 10 viên', N'Gói', 'DM008', N'Tiêm', 74000, 1, NULL, 1),
('T185', N'Cetirizine 10mg 7', N'Hộp 10 vỉ x 10 viên', N'Chai', 'DM007', N'Uống', 34000, 1, NULL, 1),
('T186', N'Loratadine 10mg 7', N'Hộp 10 vỉ x 10 viên', N'Ống', 'DM007', N'Ngậm', 31000, 1, NULL, 1),
('T187', N'Omeprazole 20mg 7', N'Hộp 10 vỉ x 10 viên', N'Gói', 'DM004', N'Khí dung', 39000, 1, NULL, 1),
('T188', N'Pantoprazole 40mg 7', N'Hộp 10 vỉ x 10 viên', N'Gói', 'DM004', N'Bôi ngoài da', 51000, 1, NULL, 1),
('T189', N'Metformin 500mg 7', N'Hộp 10 vỉ x 10 viên', N'Chai', 'DM009', N'Xịt mũi', 47000, 1, NULL, 1),
('T190', N'Gliclazide 80mg 7', N'Hộp 10 vỉ x 10 viên', N'Tuýp', 'DM009', N'Xịt mũi', 59000, 1, NULL, 1),
('T191', N'Amlodipine 5mg 7', N'Hộp 10 vỉ x 10 viên', N'Gói', 'DM011', N'Ngậm', 36000, 1, NULL, 1),
('T192', N'Losartan 50mg 7', N'Hộp 10 vỉ x 10 viên', N'Lọ', 'DM011', N'Ngậm', 42000, 1, NULL, 1),
('T193', N'Ibuprofen 400mg 7', N'Hộp 10 vỉ x 10 viên', N'Ống', 'DM002', N'Ngậm', 35000, 1, NULL, 1),
('T194', N'Diclofenac 50mg 7', N'Hộp 10 vỉ x 10 viên', N'Viên', 'DM002', N'Ngậm', 38000, 1, NULL, 1),
('T195', N'Salbutamol 2mg 7', N'Hộp 10 vỉ x 10 viên', N'Viên', 'DM006', N'Khí dung', 33000, 1, NULL, 1),
('T196', N'Bromhexine 8mg 7', N'Hộp 10 vỉ x 10 viên', N'Gói', 'DM006', N'Bôi ngoài da', 30000, 1, NULL, 1),
('T197', N'Acetylcysteine 200mg 7', N'Hộp 10 vỉ x 10 viên', N'Ống', 'DM006', N'Tiêm', 44000, 1, NULL, 1),
('T198', N'ORS 1 gói 7', N'Hộp 10 vỉ x 10 viên', N'Lọ', 'DM001', N'Tiêm', 27000, 1, NULL, 1),
('T199', N'Melatonin 3mg 7', N'Hộp 10 vỉ x 10 viên', N'Chai', 'DM010', N'Xịt mũi', 67000, 0, NULL, 1),
('T200', N'Clotrimazole 1% 7', N'Hộp 10 vỉ x 10 viên', N'Lọ', 'DM003', N'Uống', 40000, 0, NULL, 1),
('T201', N'Dextromethorphan 15mg 7', N'Hộp 10 vỉ x 10 viên', N'Chai', 'DM006', N'Uống', 37000, 1, NULL, 1),
('T202', N'Domperidone 10mg 7', N'Hộp 10 vỉ x 10 viên', N'Viên', 'DM004', N'Xịt mũi', 35000, 1, NULL, 1),
('T203', N'Captopril 25mg 7', N'Hộp 10 vỉ x 10 viên', N'Chai', 'DM011', N'Khí dung', 32000, 1, NULL, 1),
('T204', N'Insulin 100IU/ml 7', N'Hộp 10 vỉ x 10 viên', N'Ống', 'DM009', N'Tiêm', 134000, 1, NULL, 1),
('T205', N'Levofloxacin 500mg 7', N'Hộp 10 vỉ x 10 viên', N'Chai', 'DM008', N'Tiêm', 101000, 1, NULL, 1),
('T206', N'Ciprofloxacin 500mg 7', N'Hộp 10 vỉ x 10 viên', N'Lọ', 'DM008', N'Xịt mũi', 73000, 1, NULL, 1),
('T207', N'Fexofenadine 120mg 7', N'Hộp 10 vỉ x 10 viên', N'Chai', 'DM007', N'Tiêm', 48000, 1, NULL, 1),
('T208', N'Esomeprazole 20mg 7', N'Hộp 10 vỉ x 10 viên', N'Ống', 'DM004', N'Uống', 64000, 1, NULL, 1),
('T209', N'Budesonide 200mcg 7', N'Hộp 10 vỉ x 10 viên', N'Lọ', 'DM006', N'Bôi ngoài da', 95000, 1, NULL, 1),
('T210', N'Naproxen 250mg 7', N'Hộp 10 vỉ x 10 viên', N'Tuýp', 'DM002', N'Uống', 43000, 1, NULL, 1),
('T211', N'Paracetamol 500mg 8', N'Hộp 10 vỉ x 10 viên', N'Chai', 'DM005', N'Xịt mũi', 22500, 1, NULL, 1),
('T212', N'Amoxicillin 500mg 8', N'Hộp 10 vỉ x 10 viên', N'Gói', 'DM008', N'Xịt mũi', 55500, 1, NULL, 1),
('T213', N'Cefixime 200mg 8', N'Hộp 10 vỉ x 10 viên', N'Viên', 'DM008', N'Tiêm', 88500, 1, NULL, 1),
('T214', N'Azithromycin 500mg 8', N'Hộp 10 vỉ x 10 viên', N'Lọ', 'DM008', N'Tiêm', 75500, 1, NULL, 1),
('T215', N'Cetirizine 10mg 8', N'Hộp 10 vỉ x 10 viên', N'Chai', 'DM007', N'Tiêm', 35500, 1, NULL, 1),
('T216', N'Loratadine 10mg 8', N'Hộp 10 vỉ x 10 viên', N'Lọ', 'DM007', N'Tiêm', 32500, 1, NULL, 1),
('T217', N'Omeprazole 20mg 8', N'Hộp 10 vỉ x 10 viên', N'Gói', 'DM004', N'Uống', 40500, 1, NULL, 1),
('T218', N'Pantoprazole 40mg 8', N'Hộp 10 vỉ x 10 viên', N'Viên', 'DM004', N'Uống', 52500, 1, NULL, 1),
('T219', N'Metformin 500mg 8', N'Hộp 10 vỉ x 10 viên', N'Lọ', 'DM009', N'Ngậm', 48500, 1, NULL, 1),
('T220', N'Gliclazide 80mg 8', N'Hộp 10 vỉ x 10 viên', N'Viên', 'DM009', N'Uống', 60500, 1, NULL, 1),
('T221', N'Amlodipine 5mg 8', N'Hộp 10 vỉ x 10 viên', N'Tuýp', 'DM011', N'Bôi ngoài da', 37500, 1, NULL, 1),
('T222', N'Losartan 50mg 8', N'Hộp 10 vỉ x 10 viên', N'Lọ', 'DM011', N'Bôi ngoài da', 43500, 1, NULL, 1),
('T223', N'Ibuprofen 400mg 8', N'Hộp 10 vỉ x 10 viên', N'Chai', 'DM002', N'Khí dung', 36500, 1, NULL, 1),
('T224', N'Diclofenac 50mg 8', N'Hộp 10 vỉ x 10 viên', N'Ống', 'DM002', N'Tiêm', 39500, 1, NULL, 1),
('T225', N'Salbutamol 2mg 8', N'Hộp 10 vỉ x 10 viên', N'Tuýp', 'DM006', N'Tiêm', 34500, 1, NULL, 1),
('T226', N'Bromhexine 8mg 8', N'Hộp 10 vỉ x 10 viên', N'Tuýp', 'DM006', N'Khí dung', 31500, 1, NULL, 1),
('T227', N'Acetylcysteine 200mg 8', N'Hộp 10 vỉ x 10 viên', N'Ống', 'DM006', N'Tiêm', 45500, 1, NULL, 1),
('T228', N'ORS 1 gói 8', N'Hộp 10 vỉ x 10 viên', N'Lọ', 'DM001', N'Bôi ngoài da', 28500, 1, NULL, 1),
('T229', N'Melatonin 3mg 8', N'Hộp 10 vỉ x 10 viên', N'Viên', 'DM010', N'Tiêm', 68500, 0, NULL, 1),
('T230', N'Clotrimazole 1% 8', N'Hộp 10 vỉ x 10 viên', N'Tuýp', 'DM003', N'Khí dung', 41500, 0, NULL, 1),
('T231', N'Dextromethorphan 15mg 8', N'Hộp 10 vỉ x 10 viên', N'Chai', 'DM006', N'Khí dung', 38500, 1, NULL, 1),
('T232', N'Domperidone 10mg 8', N'Hộp 10 vỉ x 10 viên', N'Ống', 'DM004', N'Uống', 36500, 1, NULL, 1),
('T233', N'Captopril 25mg 8', N'Hộp 10 vỉ x 10 viên', N'Gói', 'DM011', N'Ngậm', 33500, 1, NULL, 1),
('T234', N'Insulin 100IU/ml 8', N'Hộp 10 vỉ x 10 viên', N'Lọ', 'DM009', N'Khí dung', 135500, 1, NULL, 1),
('T235', N'Levofloxacin 500mg 8', N'Hộp 10 vỉ x 10 viên', N'Chai', 'DM008', N'Bôi ngoài da', 102500, 1, NULL, 1),
('T236', N'Ciprofloxacin 500mg 8', N'Hộp 10 vỉ x 10 viên', N'Ống', 'DM008', N'Uống', 74500, 1, NULL, 1),
('T237', N'Fexofenadine 120mg 8', N'Hộp 10 vỉ x 10 viên', N'Tuýp', 'DM007', N'Ngậm', 49500, 1, NULL, 1),
('T238', N'Esomeprazole 20mg 8', N'Hộp 10 vỉ x 10 viên', N'Chai', 'DM004', N'Tiêm', 65500, 1, NULL, 1),
('T239', N'Budesonide 200mcg 8', N'Hộp 10 vỉ x 10 viên', N'Lọ', 'DM006', N'Uống', 96500, 1, NULL, 1),
('T240', N'Naproxen 250mg 8', N'Hộp 10 vỉ x 10 viên', N'Gói', 'DM002', N'Ngậm', 44500, 1, NULL, 1),
('T241', N'Paracetamol 500mg 9', N'Hộp 10 vỉ x 10 viên', N'Lọ', 'DM005', N'Uống', 24000, 1, NULL, 1),
('T242', N'Amoxicillin 500mg 9', N'Hộp 10 vỉ x 10 viên', N'Ống', 'DM008', N'Uống', 57000, 1, NULL, 1),
('T243', N'Cefixime 200mg 9', N'Hộp 10 vỉ x 10 viên', N'Ống', 'DM008', N'Bôi ngoài da', 90000, 1, NULL, 1),
('T244', N'Azithromycin 500mg 9', N'Hộp 10 vỉ x 10 viên', N'Tuýp', 'DM008', N'Tiêm', 77000, 1, NULL, 1),
('T245', N'Cetirizine 10mg 9', N'Hộp 10 vỉ x 10 viên', N'Viên', 'DM007', N'Uống', 37000, 1, NULL, 1),
('T246', N'Loratadine 10mg 9', N'Hộp 10 vỉ x 10 viên', N'Gói', 'DM007', N'Ngậm', 34000, 1, NULL, 1),
('T247', N'Omeprazole 20mg 9', N'Hộp 10 vỉ x 10 viên', N'Tuýp', 'DM004', N'Bôi ngoài da', 42000, 1, NULL, 1),
('T248', N'Pantoprazole 40mg 9', N'Hộp 10 vỉ x 10 viên', N'Viên', 'DM004', N'Bôi ngoài da', 54000, 1, NULL, 1),
('T249', N'Metformin 500mg 9', N'Hộp 10 vỉ x 10 viên', N'Gói', 'DM009', N'Xịt mũi', 50000, 1, NULL, 1),
('T250', N'Gliclazide 80mg 9', N'Hộp 10 vỉ x 10 viên', N'Gói', 'DM009', N'Xịt mũi', 62000, 1, NULL, 1),
('T251', N'Amlodipine 5mg 9', N'Hộp 10 vỉ x 10 viên', N'Chai', 'DM011', N'Bôi ngoài da', 39000, 1, NULL, 1),
('T252', N'Losartan 50mg 9', N'Hộp 10 vỉ x 10 viên', N'Tuýp', 'DM011', N'Bôi ngoài da', 45000, 1, NULL, 1),
('T253', N'Ibuprofen 400mg 9', N'Hộp 10 vỉ x 10 viên', N'Chai', 'DM002', N'Uống', 38000, 1, NULL, 1),
('T254', N'Diclofenac 50mg 9', N'Hộp 10 vỉ x 10 viên', N'Gói', 'DM002', N'Bôi ngoài da', 41000, 1, NULL, 1),
('T255', N'Salbutamol 2mg 9', N'Hộp 10 vỉ x 10 viên', N'Chai', 'DM006', N'Xịt mũi', 36000, 1, NULL, 1),
('T256', N'Bromhexine 8mg 9', N'Hộp 10 vỉ x 10 viên', N'Viên', 'DM006', N'Bôi ngoài da', 33000, 1, NULL, 1),
('T257', N'Acetylcysteine 200mg 9', N'Hộp 10 vỉ x 10 viên', N'Viên', 'DM006', N'Tiêm', 47000, 1, NULL, 1),
('T258', N'ORS 1 gói 9', N'Hộp 10 vỉ x 10 viên', N'Viên', 'DM001', N'Bôi ngoài da', 30000, 1, NULL, 1),
('T259', N'Melatonin 3mg 9', N'Hộp 10 vỉ x 10 viên', N'Gói', 'DM010', N'Ngậm', 70000, 0, NULL, 1),
('T260', N'Clotrimazole 1% 9', N'Hộp 10 vỉ x 10 viên', N'Chai', 'DM003', N'Xịt mũi', 43000, 0, NULL, 1),
('T261', N'Dextromethorphan 15mg 9', N'Hộp 10 vỉ x 10 viên', N'Gói', 'DM006', N'Uống', 40000, 1, NULL, 1),
('T262', N'Domperidone 10mg 9', N'Hộp 10 vỉ x 10 viên', N'Viên', 'DM004', N'Ngậm', 38000, 1, NULL, 1),
('T263', N'Captopril 25mg 9', N'Hộp 10 vỉ x 10 viên', N'Ống', 'DM011', N'Bôi ngoài da', 35000, 1, NULL, 1),
('T264', N'Insulin 100IU/ml 9', N'Hộp 10 vỉ x 10 viên', N'Tuýp', 'DM009', N'Khí dung', 137000, 1, NULL, 1),
('T265', N'Levofloxacin 500mg 9', N'Hộp 10 vỉ x 10 viên', N'Ống', 'DM008', N'Uống', 104000, 1, NULL, 1),
('T266', N'Ciprofloxacin 500mg 9', N'Hộp 10 vỉ x 10 viên', N'Lọ', 'DM008', N'Uống', 76000, 1, NULL, 1),
('T267', N'Fexofenadine 120mg 9', N'Hộp 10 vỉ x 10 viên', N'Chai', 'DM007', N'Khí dung', 51000, 1, NULL, 1),
('T268', N'Esomeprazole 20mg 9', N'Hộp 10 vỉ x 10 viên', N'Tuýp', 'DM004', N'Xịt mũi', 67000, 1, NULL, 1),
('T269', N'Budesonide 200mcg 9', N'Hộp 10 vỉ x 10 viên', N'Lọ', 'DM006', N'Uống', 98000, 1, NULL, 1),
('T270', N'Naproxen 250mg 9', N'Hộp 10 vỉ x 10 viên', N'Gói', 'DM002', N'Xịt mũi', 46000, 1, NULL, 1),
('T271', N'Paracetamol 500mg 10', N'Hộp 10 vỉ x 10 viên', N'Viên', 'DM005', N'Xịt mũi', 25500, 1, NULL, 1),
('T272', N'Amoxicillin 500mg 10', N'Hộp 10 vỉ x 10 viên', N'Ống', 'DM008', N'Tiêm', 58500, 1, NULL, 1),
('T273', N'Cefixime 200mg 10', N'Hộp 10 vỉ x 10 viên', N'Chai', 'DM008', N'Xịt mũi', 91500, 1, NULL, 1),
('T274', N'Azithromycin 500mg 10', N'Hộp 10 vỉ x 10 viên', N'Ống', 'DM008', N'Khí dung', 78500, 1, NULL, 1),
('T275', N'Cetirizine 10mg 10', N'Hộp 10 vỉ x 10 viên', N'Viên', 'DM007', N'Uống', 38500, 1, NULL, 1),
('T276', N'Loratadine 10mg 10', N'Hộp 10 vỉ x 10 viên', N'Lọ', 'DM007', N'Khí dung', 35500, 1, NULL, 1),
('T277', N'Omeprazole 20mg 10', N'Hộp 10 vỉ x 10 viên', N'Ống', 'DM004', N'Khí dung', 43500, 1, NULL, 1),
('T278', N'Pantoprazole 40mg 10', N'Hộp 10 vỉ x 10 viên', N'Lọ', 'DM004', N'Uống', 55500, 1, NULL, 1),
('T279', N'Metformin 500mg 10', N'Hộp 10 vỉ x 10 viên', N'Lọ', 'DM009', N'Tiêm', 51500, 1, NULL, 1),
('T280', N'Gliclazide 80mg 10', N'Hộp 10 vỉ x 10 viên', N'Viên', 'DM009', N'Uống', 63500, 1, NULL, 1),
('T281', N'Amlodipine 5mg 10', N'Hộp 10 vỉ x 10 viên', N'Tuýp', 'DM011', N'Ngậm', 40500, 1, NULL, 1),
('T282', N'Losartan 50mg 10', N'Hộp 10 vỉ x 10 viên', N'Viên', 'DM011', N'Bôi ngoài da', 46500, 1, NULL, 1),
('T283', N'Ibuprofen 400mg 10', N'Hộp 10 vỉ x 10 viên', N'Chai', 'DM002', N'Bôi ngoài da', 39500, 1, NULL, 1),
('T284', N'Diclofenac 50mg 10', N'Hộp 10 vỉ x 10 viên', N'Ống', 'DM002', N'Xịt mũi', 42500, 1, NULL, 1),
('T285', N'Salbutamol 2mg 10', N'Hộp 10 vỉ x 10 viên', N'Tuýp', 'DM006', N'Xịt mũi', 37500, 1, NULL, 1),
('T286', N'Bromhexine 8mg 10', N'Hộp 10 vỉ x 10 viên', N'Chai', 'DM006', N'Tiêm', 34500, 1, NULL, 1),
('T287', N'Acetylcysteine 200mg 10', N'Hộp 10 vỉ x 10 viên', N'Tuýp', 'DM006', N'Khí dung', 48500, 1, NULL, 1),
('T288', N'ORS 1 gói 10', N'Hộp 10 vỉ x 10 viên', N'Chai', 'DM001', N'Xịt mũi', 31500, 1, NULL, 1),
('T289', N'Melatonin 3mg 10', N'Hộp 10 vỉ x 10 viên', N'Tuýp', 'DM010', N'Khí dung', 71500, 0, NULL, 1),
('T290', N'Clotrimazole 1% 10', N'Hộp 10 vỉ x 10 viên', N'Lọ', 'DM003', N'Xịt mũi', 44500, 0, NULL, 1),
('T291', N'Dextromethorphan 15mg 10', N'Hộp 10 vỉ x 10 viên', N'Ống', 'DM006', N'Uống', 41500, 1, NULL, 1),
('T292', N'Domperidone 10mg 10', N'Hộp 10 vỉ x 10 viên', N'Ống', 'DM004', N'Uống', 39500, 1, NULL, 1),
('T293', N'Captopril 25mg 10', N'Hộp 10 vỉ x 10 viên', N'Tuýp', 'DM011', N'Tiêm', 36500, 1, NULL, 1),
('T294', N'Insulin 100IU/ml 10', N'Hộp 10 vỉ x 10 viên', N'Gói', 'DM009', N'Tiêm', 138500, 1, NULL, 1),
('T295', N'Levofloxacin 500mg 10', N'Hộp 10 vỉ x 10 viên', N'Lọ', 'DM008', N'Khí dung', 105500, 1, NULL, 1),
('T296', N'Ciprofloxacin 500mg 10', N'Hộp 10 vỉ x 10 viên', N'Lọ', 'DM008', N'Bôi ngoài da', 77500, 1, NULL, 1),
('T297', N'Fexofenadine 120mg 10', N'Hộp 10 vỉ x 10 viên', N'Lọ', 'DM007', N'Ngậm', 52500, 1, NULL, 1),
('T298', N'Esomeprazole 20mg 10', N'Hộp 10 vỉ x 10 viên', N'Lọ', 'DM004', N'Khí dung', 68500, 1, NULL, 1),
('T299', N'Budesonide 200mcg 10', N'Hộp 10 vỉ x 10 viên', N'Viên', 'DM006', N'Tiêm', 99500, 1, NULL, 1),
('T300', N'Naproxen 250mg 10', N'Hộp 10 vỉ x 10 viên', N'Lọ', 'DM002', N'Ngậm', 47500, 1, NULL, 1);
GO

INSERT INTO THANHPHAN_THUOC (MaThanhPhan, MaThuoc, MaHoatChat, HamLuong) VALUES
('TP001', 'T001', 'HC001', N'500mg'),
('TP002', 'T002', 'HC002', N'500mg'),
('TP003', 'T003', 'HC003', N'200mg'),
('TP004', 'T004', 'HC004', N'500mg'),
('TP005', 'T005', 'HC005', N'10mg'),
('TP006', 'T006', 'HC006', N'10mg'),
('TP007', 'T007', 'HC007', N'20mg'),
('TP008', 'T008', 'HC008', N'40mg'),
('TP009', 'T009', 'HC009', N'500mg'),
('TP010', 'T010', 'HC010', N'80mg'),
('TP011', 'T011', 'HC011', N'5mg'),
('TP012', 'T012', 'HC012', N'50mg'),
('TP013', 'T013', 'HC013', N'400mg'),
('TP014', 'T014', 'HC014', N'50mg'),
('TP015', 'T015', 'HC015', N'2mg'),
('TP016', 'T016', 'HC016', N'8mg'),
('TP017', 'T017', 'HC017', N'200mg'),
('TP018', 'T018', 'HC018', N'1 đơn vị'),
('TP019', 'T019', 'HC019', N'3mg'),
('TP020', 'T020', 'HC020', N'1 đơn vị'),
('TP021', 'T021', 'HC021', N'15mg'),
('TP022', 'T022', 'HC022', N'10mg'),
('TP023', 'T023', 'HC023', N'25mg'),
('TP024', 'T024', 'HC024', N'1 đơn vị'),
('TP025', 'T025', 'HC025', N'500mg'),
('TP026', 'T026', 'HC026', N'500mg'),
('TP027', 'T027', 'HC027', N'120mg'),
('TP028', 'T028', 'HC028', N'20mg'),
('TP029', 'T029', 'HC029', N'200mcg'),
('TP030', 'T030', 'HC030', N'250mg'),
('TP031', 'T031', 'HC001', N'1 đơn vị'),
('TP032', 'T032', 'HC002', N'1 đơn vị'),
('TP033', 'T033', 'HC003', N'1 đơn vị'),
('TP034', 'T034', 'HC004', N'1 đơn vị'),
('TP035', 'T035', 'HC005', N'1 đơn vị'),
('TP036', 'T036', 'HC006', N'1 đơn vị'),
('TP037', 'T037', 'HC007', N'1 đơn vị'),
('TP038', 'T038', 'HC008', N'1 đơn vị'),
('TP039', 'T039', 'HC009', N'1 đơn vị'),
('TP040', 'T040', 'HC010', N'1 đơn vị'),
('TP041', 'T041', 'HC011', N'1 đơn vị'),
('TP042', 'T042', 'HC012', N'1 đơn vị'),
('TP043', 'T043', 'HC013', N'1 đơn vị'),
('TP044', 'T044', 'HC014', N'1 đơn vị'),
('TP045', 'T045', 'HC015', N'1 đơn vị'),
('TP046', 'T046', 'HC016', N'1 đơn vị'),
('TP047', 'T047', 'HC017', N'1 đơn vị'),
('TP048', 'T048', 'HC018', N'1 đơn vị'),
('TP049', 'T049', 'HC019', N'1 đơn vị'),
('TP050', 'T050', 'HC020', N'1 đơn vị'),
('TP051', 'T051', 'HC021', N'1 đơn vị'),
('TP052', 'T052', 'HC022', N'1 đơn vị'),
('TP053', 'T053', 'HC023', N'1 đơn vị'),
('TP054', 'T054', 'HC024', N'1 đơn vị'),
('TP055', 'T055', 'HC025', N'1 đơn vị'),
('TP056', 'T056', 'HC026', N'1 đơn vị'),
('TP057', 'T057', 'HC027', N'1 đơn vị'),
('TP058', 'T058', 'HC028', N'1 đơn vị'),
('TP059', 'T059', 'HC029', N'1 đơn vị'),
('TP060', 'T060', 'HC030', N'1 đơn vị'),
('TP061', 'T061', 'HC001', N'1 đơn vị'),
('TP062', 'T062', 'HC002', N'1 đơn vị'),
('TP063', 'T063', 'HC003', N'1 đơn vị'),
('TP064', 'T064', 'HC004', N'1 đơn vị'),
('TP065', 'T065', 'HC005', N'1 đơn vị'),
('TP066', 'T066', 'HC006', N'1 đơn vị'),
('TP067', 'T067', 'HC007', N'1 đơn vị'),
('TP068', 'T068', 'HC008', N'1 đơn vị'),
('TP069', 'T069', 'HC009', N'1 đơn vị'),
('TP070', 'T070', 'HC010', N'1 đơn vị'),
('TP071', 'T071', 'HC011', N'1 đơn vị'),
('TP072', 'T072', 'HC012', N'1 đơn vị'),
('TP073', 'T073', 'HC013', N'1 đơn vị'),
('TP074', 'T074', 'HC014', N'1 đơn vị'),
('TP075', 'T075', 'HC015', N'1 đơn vị'),
('TP076', 'T076', 'HC016', N'1 đơn vị'),
('TP077', 'T077', 'HC017', N'1 đơn vị'),
('TP078', 'T078', 'HC018', N'1 đơn vị'),
('TP079', 'T079', 'HC019', N'1 đơn vị'),
('TP080', 'T080', 'HC020', N'1 đơn vị'),
('TP081', 'T081', 'HC021', N'1 đơn vị'),
('TP082', 'T082', 'HC022', N'1 đơn vị'),
('TP083', 'T083', 'HC023', N'1 đơn vị'),
('TP084', 'T084', 'HC024', N'1 đơn vị'),
('TP085', 'T085', 'HC025', N'1 đơn vị'),
('TP086', 'T086', 'HC026', N'1 đơn vị'),
('TP087', 'T087', 'HC027', N'1 đơn vị'),
('TP088', 'T088', 'HC028', N'1 đơn vị'),
('TP089', 'T089', 'HC029', N'1 đơn vị'),
('TP090', 'T090', 'HC030', N'1 đơn vị'),
('TP091', 'T091', 'HC001', N'1 đơn vị'),
('TP092', 'T092', 'HC002', N'1 đơn vị'),
('TP093', 'T093', 'HC003', N'1 đơn vị'),
('TP094', 'T094', 'HC004', N'1 đơn vị'),
('TP095', 'T095', 'HC005', N'1 đơn vị'),
('TP096', 'T096', 'HC006', N'1 đơn vị'),
('TP097', 'T097', 'HC007', N'1 đơn vị'),
('TP098', 'T098', 'HC008', N'1 đơn vị'),
('TP099', 'T099', 'HC009', N'1 đơn vị'),
('TP100', 'T100', 'HC010', N'1 đơn vị'),
('TP101', 'T101', 'HC011', N'1 đơn vị'),
('TP102', 'T102', 'HC012', N'1 đơn vị'),
('TP103', 'T103', 'HC013', N'1 đơn vị'),
('TP104', 'T104', 'HC014', N'1 đơn vị'),
('TP105', 'T105', 'HC015', N'1 đơn vị'),
('TP106', 'T106', 'HC016', N'1 đơn vị'),
('TP107', 'T107', 'HC017', N'1 đơn vị'),
('TP108', 'T108', 'HC018', N'1 đơn vị'),
('TP109', 'T109', 'HC019', N'1 đơn vị'),
('TP110', 'T110', 'HC020', N'1 đơn vị'),
('TP111', 'T111', 'HC021', N'1 đơn vị'),
('TP112', 'T112', 'HC022', N'1 đơn vị'),
('TP113', 'T113', 'HC023', N'1 đơn vị'),
('TP114', 'T114', 'HC024', N'1 đơn vị'),
('TP115', 'T115', 'HC025', N'1 đơn vị'),
('TP116', 'T116', 'HC026', N'1 đơn vị'),
('TP117', 'T117', 'HC027', N'1 đơn vị'),
('TP118', 'T118', 'HC028', N'1 đơn vị'),
('TP119', 'T119', 'HC029', N'1 đơn vị'),
('TP120', 'T120', 'HC030', N'1 đơn vị'),
('TP121', 'T121', 'HC001', N'1 đơn vị'),
('TP122', 'T122', 'HC002', N'1 đơn vị'),
('TP123', 'T123', 'HC003', N'1 đơn vị'),
('TP124', 'T124', 'HC004', N'1 đơn vị'),
('TP125', 'T125', 'HC005', N'1 đơn vị'),
('TP126', 'T126', 'HC006', N'1 đơn vị'),
('TP127', 'T127', 'HC007', N'1 đơn vị'),
('TP128', 'T128', 'HC008', N'1 đơn vị'),
('TP129', 'T129', 'HC009', N'1 đơn vị'),
('TP130', 'T130', 'HC010', N'1 đơn vị'),
('TP131', 'T131', 'HC011', N'1 đơn vị'),
('TP132', 'T132', 'HC012', N'1 đơn vị'),
('TP133', 'T133', 'HC013', N'1 đơn vị'),
('TP134', 'T134', 'HC014', N'1 đơn vị'),
('TP135', 'T135', 'HC015', N'1 đơn vị'),
('TP136', 'T136', 'HC016', N'1 đơn vị'),
('TP137', 'T137', 'HC017', N'1 đơn vị'),
('TP138', 'T138', 'HC018', N'1 đơn vị'),
('TP139', 'T139', 'HC019', N'1 đơn vị'),
('TP140', 'T140', 'HC020', N'1 đơn vị'),
('TP141', 'T141', 'HC021', N'1 đơn vị'),
('TP142', 'T142', 'HC022', N'1 đơn vị'),
('TP143', 'T143', 'HC023', N'1 đơn vị'),
('TP144', 'T144', 'HC024', N'1 đơn vị'),
('TP145', 'T145', 'HC025', N'1 đơn vị'),
('TP146', 'T146', 'HC026', N'1 đơn vị'),
('TP147', 'T147', 'HC027', N'1 đơn vị'),
('TP148', 'T148', 'HC028', N'1 đơn vị'),
('TP149', 'T149', 'HC029', N'1 đơn vị'),
('TP150', 'T150', 'HC030', N'1 đơn vị'),
('TP151', 'T151', 'HC001', N'1 đơn vị'),
('TP152', 'T152', 'HC002', N'1 đơn vị'),
('TP153', 'T153', 'HC003', N'1 đơn vị'),
('TP154', 'T154', 'HC004', N'1 đơn vị'),
('TP155', 'T155', 'HC005', N'1 đơn vị'),
('TP156', 'T156', 'HC006', N'1 đơn vị'),
('TP157', 'T157', 'HC007', N'1 đơn vị'),
('TP158', 'T158', 'HC008', N'1 đơn vị'),
('TP159', 'T159', 'HC009', N'1 đơn vị'),
('TP160', 'T160', 'HC010', N'1 đơn vị'),
('TP161', 'T161', 'HC011', N'1 đơn vị'),
('TP162', 'T162', 'HC012', N'1 đơn vị'),
('TP163', 'T163', 'HC013', N'1 đơn vị'),
('TP164', 'T164', 'HC014', N'1 đơn vị'),
('TP165', 'T165', 'HC015', N'1 đơn vị'),
('TP166', 'T166', 'HC016', N'1 đơn vị'),
('TP167', 'T167', 'HC017', N'1 đơn vị'),
('TP168', 'T168', 'HC018', N'1 đơn vị'),
('TP169', 'T169', 'HC019', N'1 đơn vị'),
('TP170', 'T170', 'HC020', N'1 đơn vị'),
('TP171', 'T171', 'HC021', N'1 đơn vị'),
('TP172', 'T172', 'HC022', N'1 đơn vị'),
('TP173', 'T173', 'HC023', N'1 đơn vị'),
('TP174', 'T174', 'HC024', N'1 đơn vị'),
('TP175', 'T175', 'HC025', N'1 đơn vị'),
('TP176', 'T176', 'HC026', N'1 đơn vị'),
('TP177', 'T177', 'HC027', N'1 đơn vị'),
('TP178', 'T178', 'HC028', N'1 đơn vị'),
('TP179', 'T179', 'HC029', N'1 đơn vị'),
('TP180', 'T180', 'HC030', N'1 đơn vị'),
('TP181', 'T181', 'HC001', N'1 đơn vị'),
('TP182', 'T182', 'HC002', N'1 đơn vị'),
('TP183', 'T183', 'HC003', N'1 đơn vị'),
('TP184', 'T184', 'HC004', N'1 đơn vị'),
('TP185', 'T185', 'HC005', N'1 đơn vị'),
('TP186', 'T186', 'HC006', N'1 đơn vị'),
('TP187', 'T187', 'HC007', N'1 đơn vị'),
('TP188', 'T188', 'HC008', N'1 đơn vị'),
('TP189', 'T189', 'HC009', N'1 đơn vị'),
('TP190', 'T190', 'HC010', N'1 đơn vị'),
('TP191', 'T191', 'HC011', N'1 đơn vị'),
('TP192', 'T192', 'HC012', N'1 đơn vị'),
('TP193', 'T193', 'HC013', N'1 đơn vị'),
('TP194', 'T194', 'HC014', N'1 đơn vị'),
('TP195', 'T195', 'HC015', N'1 đơn vị'),
('TP196', 'T196', 'HC016', N'1 đơn vị'),
('TP197', 'T197', 'HC017', N'1 đơn vị'),
('TP198', 'T198', 'HC018', N'1 đơn vị'),
('TP199', 'T199', 'HC019', N'1 đơn vị'),
('TP200', 'T200', 'HC020', N'1 đơn vị'),
('TP201', 'T201', 'HC021', N'1 đơn vị'),
('TP202', 'T202', 'HC022', N'1 đơn vị'),
('TP203', 'T203', 'HC023', N'1 đơn vị'),
('TP204', 'T204', 'HC024', N'1 đơn vị'),
('TP205', 'T205', 'HC025', N'1 đơn vị'),
('TP206', 'T206', 'HC026', N'1 đơn vị'),
('TP207', 'T207', 'HC027', N'1 đơn vị'),
('TP208', 'T208', 'HC028', N'1 đơn vị'),
('TP209', 'T209', 'HC029', N'1 đơn vị'),
('TP210', 'T210', 'HC030', N'1 đơn vị'),
('TP211', 'T211', 'HC001', N'1 đơn vị'),
('TP212', 'T212', 'HC002', N'1 đơn vị'),
('TP213', 'T213', 'HC003', N'1 đơn vị'),
('TP214', 'T214', 'HC004', N'1 đơn vị'),
('TP215', 'T215', 'HC005', N'1 đơn vị'),
('TP216', 'T216', 'HC006', N'1 đơn vị'),
('TP217', 'T217', 'HC007', N'1 đơn vị'),
('TP218', 'T218', 'HC008', N'1 đơn vị'),
('TP219', 'T219', 'HC009', N'1 đơn vị'),
('TP220', 'T220', 'HC010', N'1 đơn vị'),
('TP221', 'T221', 'HC011', N'1 đơn vị'),
('TP222', 'T222', 'HC012', N'1 đơn vị'),
('TP223', 'T223', 'HC013', N'1 đơn vị'),
('TP224', 'T224', 'HC014', N'1 đơn vị'),
('TP225', 'T225', 'HC015', N'1 đơn vị'),
('TP226', 'T226', 'HC016', N'1 đơn vị'),
('TP227', 'T227', 'HC017', N'1 đơn vị'),
('TP228', 'T228', 'HC018', N'1 đơn vị'),
('TP229', 'T229', 'HC019', N'1 đơn vị'),
('TP230', 'T230', 'HC020', N'1 đơn vị'),
('TP231', 'T231', 'HC021', N'1 đơn vị'),
('TP232', 'T232', 'HC022', N'1 đơn vị'),
('TP233', 'T233', 'HC023', N'1 đơn vị'),
('TP234', 'T234', 'HC024', N'1 đơn vị'),
('TP235', 'T235', 'HC025', N'1 đơn vị'),
('TP236', 'T236', 'HC026', N'1 đơn vị'),
('TP237', 'T237', 'HC027', N'1 đơn vị'),
('TP238', 'T238', 'HC028', N'1 đơn vị'),
('TP239', 'T239', 'HC029', N'1 đơn vị'),
('TP240', 'T240', 'HC030', N'1 đơn vị'),
('TP241', 'T241', 'HC001', N'1 đơn vị'),
('TP242', 'T242', 'HC002', N'1 đơn vị'),
('TP243', 'T243', 'HC003', N'1 đơn vị'),
('TP244', 'T244', 'HC004', N'1 đơn vị'),
('TP245', 'T245', 'HC005', N'1 đơn vị'),
('TP246', 'T246', 'HC006', N'1 đơn vị'),
('TP247', 'T247', 'HC007', N'1 đơn vị'),
('TP248', 'T248', 'HC008', N'1 đơn vị'),
('TP249', 'T249', 'HC009', N'1 đơn vị'),
('TP250', 'T250', 'HC010', N'1 đơn vị'),
('TP251', 'T251', 'HC011', N'1 đơn vị'),
('TP252', 'T252', 'HC012', N'1 đơn vị'),
('TP253', 'T253', 'HC013', N'1 đơn vị'),
('TP254', 'T254', 'HC014', N'1 đơn vị'),
('TP255', 'T255', 'HC015', N'1 đơn vị'),
('TP256', 'T256', 'HC016', N'1 đơn vị'),
('TP257', 'T257', 'HC017', N'1 đơn vị'),
('TP258', 'T258', 'HC018', N'1 đơn vị'),
('TP259', 'T259', 'HC019', N'1 đơn vị'),
('TP260', 'T260', 'HC020', N'1 đơn vị'),
('TP261', 'T261', 'HC021', N'1 đơn vị'),
('TP262', 'T262', 'HC022', N'1 đơn vị'),
('TP263', 'T263', 'HC023', N'1 đơn vị'),
('TP264', 'T264', 'HC024', N'1 đơn vị'),
('TP265', 'T265', 'HC025', N'1 đơn vị'),
('TP266', 'T266', 'HC026', N'1 đơn vị'),
('TP267', 'T267', 'HC027', N'1 đơn vị'),
('TP268', 'T268', 'HC028', N'1 đơn vị'),
('TP269', 'T269', 'HC029', N'1 đơn vị'),
('TP270', 'T270', 'HC030', N'1 đơn vị'),
('TP271', 'T271', 'HC001', N'1 đơn vị'),
('TP272', 'T272', 'HC002', N'1 đơn vị'),
('TP273', 'T273', 'HC003', N'1 đơn vị'),
('TP274', 'T274', 'HC004', N'1 đơn vị'),
('TP275', 'T275', 'HC005', N'1 đơn vị'),
('TP276', 'T276', 'HC006', N'1 đơn vị'),
('TP277', 'T277', 'HC007', N'1 đơn vị'),
('TP278', 'T278', 'HC008', N'1 đơn vị'),
('TP279', 'T279', 'HC009', N'1 đơn vị'),
('TP280', 'T280', 'HC010', N'1 đơn vị'),
('TP281', 'T281', 'HC011', N'1 đơn vị'),
('TP282', 'T282', 'HC012', N'1 đơn vị'),
('TP283', 'T283', 'HC013', N'1 đơn vị'),
('TP284', 'T284', 'HC014', N'1 đơn vị'),
('TP285', 'T285', 'HC015', N'1 đơn vị'),
('TP286', 'T286', 'HC016', N'1 đơn vị'),
('TP287', 'T287', 'HC017', N'1 đơn vị'),
('TP288', 'T288', 'HC018', N'1 đơn vị'),
('TP289', 'T289', 'HC019', N'1 đơn vị'),
('TP290', 'T290', 'HC020', N'1 đơn vị'),
('TP291', 'T291', 'HC021', N'1 đơn vị'),
('TP292', 'T292', 'HC022', N'1 đơn vị'),
('TP293', 'T293', 'HC023', N'1 đơn vị'),
('TP294', 'T294', 'HC024', N'1 đơn vị'),
('TP295', 'T295', 'HC025', N'1 đơn vị'),
('TP296', 'T296', 'HC026', N'1 đơn vị'),
('TP297', 'T297', 'HC027', N'1 đơn vị'),
('TP298', 'T298', 'HC028', N'1 đơn vị'),
('TP299', 'T299', 'HC029', N'1 đơn vị'),
('TP300', 'T300', 'HC030', N'1 đơn vị');
GO
